,0,1,2,3,4,5,6,7,8,9,10,11,12,13,14,15,16,17,18,19,20,21,22,23,24,25,26,27,28,29,30,31,32,33,34,35,36,37,38,39,40,41,42,43,44,45,46,47,48,49,50,51,52,53,54,55,56,57,58,59,60,61,62,63,64,65,66,67,68,69,70,71,72,73,74,75,76,77,78,79,80,81,82,83,84,85,86,87,88,89,90,91,92,93,94,95,96,97,98,99,100,101,102,103,104,105,106,107,108,109,110,111,112,113,114,115,116,117,118,119,120,121,122,123,124,125,126,127,128,129,130,131,132,133,134,135,136,137,138,139,140,141,142,143,144,145,146,147,148,149,150,151,152,153,154,155,156,157,158,159,160,161,162,163,164,165,166,167,168,169,170,171,172,173,174,175,176,177,178,179,180,181,182,183,184,185,186,187,188,189,190,191,192,193,194,195,196,197,198,199,200,201,202,203,204,205,206,207,208,209,210,211,212,213,214,215,216,217,218,219,220,221,222,223,224,225,226,227,228,229,230,231,232,233,234,235,236,237,238,239,240,241,242,243,244,245,246,247,248,249,250,251,252,253,254
7bh,135.0,133.0,126.0,125.0,130.0,116.0,123.0,128.0,126.0,130.0,127.0,120.0,132.0,117.0,124.0,123.0,121.0,129.0,125.0,134.0,127.0,140.0,129.0,134.0,125.0,133.0,119.0,125.0,134.0,134.0,139.0,124.0,132.0,130.0,120.0,134.0,123.0,122.0,132.0,130.0,125.0,125.0,122.0,130.0,140.0,135.0,125.0,128.0,125.0,123.0,127.0,129.0,126.0,123.0,125.0,121.0,134.0,133.0,121.0,127.0,118.0,128.0,133.0,128.0,131.0,126.0,129.0,125.0,116.0,134.0,126.0,126.0,128.0,126.0,132.0,126.0,128.0,128.0,126.0,120.0,130.0,132.0,130.0,125.0,128.0,122.0,126.0,123.0,120.0,135.0,127.0,128.0,128.0,114.0,130.0,126.0,133.0,135.0,130.0,124.0,129.0,124.0,138.0,127.0,137.0,125.0,131.0,127.0,126.0,117.0,127.0,132.0,124.0,124.0,126.0,118.0,124.0,127.0,115.0,117.0,131.0,120.0,115.0,127.0,121.0,131.0,118.0,127.0,123.0,120.0,125.0,123.0,133.0,127.0,125.0,120.0,120.0,129.0,129.0,123.0,134.0,129.0,130.0,113.0,127.0,133.0,127.0,127.0,122.0,131.0,119.0,129.0,132.0,128.0,123.0,120.0,129.0,130.0,118.0,132.0,129.0,127.0,123.0,129.0,127.0,124.0,125.0,125.0,131.0,117.0,138.0,134.0,126.0,139.0,124.0,131.0,126.0,128.0,132.0,123.0,123.0,122.0,123.0,123.0,117.0,120.0,132.0,121.0,127.0,124.0,124.0,132.0,124.0,122.0,119.0,121.0,120.0,129.0,134.0,124.0,132.0,118.0,126.0,127.0,114.0,125.0,124.0,121.0,127.0,129.0,129.0,128.0,123.0,126.0,124.0,125.0,121.0,116.0,128.0,120.0,127.0,128.0,118.0,115.0,125.0,118.0,127.0,129.0,128.0,127.0,127.0,125.0,120.0,134.0,128.0,128.0,124.0,129.0,130.0,133.0,117.0,120.0,134.0,121.0,128.0,122.0,120.0,125.0,125.0,125.5,129.0,118.0,126.0,,
7bw,37.0,31.0,28.0,28.0,35.0,20.0,21.0,26.0,29.0,28.0,26.0,21.0,32.0,24.0,29.0,23.0,38.0,28.0,26.0,34.0,25.0,25.0,32.0,34.0,28.0,32.0,22.0,26.0,35.0,33.0,41.0,22.0,27.0,28.0,20.0,34.0,22.0,26.0,36.0,33.0,22.0,30.0,21.0,31.0,30.0,29.0,25.0,25.0,25.0,24.0,26.0,33.0,28.0,21.0,22.0,23.0,31.0,25.0,22.0,25.0,21.0,23.0,29.0,25.0,32.0,23.0,35.0,26.0,22.0,30.0,26.0,25.0,24.0,22.0,28.0,28.0,30.0,25.0,28.0,21.0,26.0,25.0,25.0,24.0,24.0,24.0,28.0,23.0,20.0,37.0,23.0,22.0,29.0,21.0,27.0,26.0,28.0,30.0,39.0,30.0,25.0,27.0,35.0,22.0,38.0,24.0,27.0,26.0,26.0,19.0,24.0,31.0,24.0,22.0,22.0,23.0,25.0,30.0,20.0,21.0,27.0,20.0,17.0,27.0,24.0,29.0,22.0,23.0,21.0,20.0,26.0,23.0,37.0,28.0,31.0,22.0,26.0,27.0,30.0,35.0,34.0,28.0,29.0,19.0,31.0,34.0,27.0,26.0,27.0,30.0,20.0,27.0,35.0,28.0,24.0,21.0,28.0,21.0,23.0,29.0,30.0,27.0,24.0,26.0,27.0,22.0,25.0,24.0,26.0,23.0,34.0,31.0,30.0,35.0,27.0,31.0,25.0,25.0,25.0,21.0,23.0,28.0,21.0,22.0,26.0,21.0,37.0,22.0,29.0,28.0,25.0,33.0,31.0,26.0,25.0,22.0,25.0,33.0,29.1,25.0,26.5,21.0,31.5,24.5,21.5,24.2,26.6,30.6,23.0,30.0,23.5,28.7,21.5,28.0,23.8,25.0,20.5,20.6,27.1,23.0,24.8,28.7,21.1,20.0,32.7,24.0,24.0,26.5,28.6,22.0,28.1,22.7,26.0,32.0,32.5,34.2,27.2,32.0,28.1,35.0,20.0,22.5,28.1,18.9,25.3,27.0,23.1,25.0,24.0,22.7,24.5,20.0,35.5,,
8bh,134.0,136.0,122.0,142.0,135.0,137.0,138.0,130.0,130.0,138.0,137.0,125.0,126.0,134.0,140.0,135.0,143.0,131.0,135.0,129.0,125.0,125.0,136.0,141.0,125.0,129.0,136.0,126.0,130.0,129.0,138.0,141.0,132.0,134.0,135.0,143.0,128.0,142.0,128.0,129.0,138.0,130.0,119.0,124.0,127.0,135.0,126.0,144.0,132.0,133.0,128.0,132.0,134.0,127.0,137.0,139.0,143.0,129.0,143.0,127.0,139.0,133.0,131.0,132.0,121.0,130.0,136.0,129.0,128.0,129.0,132.0,140.0,141.0,139.0,127.0,134.0,132.0,136.0,127.0,132.0,131.0,132.0,128.0,129.0,133.0,126.0,132.0,129.0,124.0,136.0,122.0,128.0,138.0,130.0,128.0,136.0,126.0,132.0,123.0,134.0,126.0,126.0,124.0,133.0,133.0,131.0,128.0,132.0,121.0,129.0,123.0,129.0,131.0,134.0,133.0,131.0,138.0,134.0,121.0,135.0,136.0,135.0,129.0,137.0,138.0,136.0,120.0,135.0,140.0,144.0,135.0,132.0,135.0,136.0,132.0,122.0,128.0,119.0,139.0,128.0,124.0,136.0,134.0,133.0,128.0,127.0,138.0,136.0,129.0,137.5,118.5,132.0,138.0,131.0,125.0,131.0,133.0,122.5,128.0,130.5,139.0,138.5,129.0,122.0,128.0,127.5,129.0,130.5,128.0,140.0,135.0,124.0,124.5,127.0,133.5,134.0,132.0,136.5,135.5,127.0,125.5,140.5,123.0,129.0,137.0,133.0,136.0,131.0,143.0,134.0,136.0,131.0,126.0,131.0,132.0,129.0,128.0,132.0,127.0,133.0,121.0,133.0,139.0,126.0,131.0,133.5,132.0,135.0,125.0,137.0,128.0,133.0,136.0,129.0,128.0,132.0,142.0,130.0,133.0,126.0,123.0,128.0,133.0,128.0,127.0,134.0,137.0,131.0,132.0,138.0,137.0,137.0,138.0,130.0,134.0,126.0,127.0,136.0,137.0,140.0,144.0,139.0,138.0,132.0,135.0,127.0,,,,,,,,,
8bw,24.0,38.0,23.0,40.0,36.0,31.0,43.0,37.0,24.0,31.0,31.0,25.0,23.0,26.0,27.0,33.0,31.0,25.0,34.0,28.0,25.0,23.0,37.0,30.0,24.0,31.0,36.0,29.0,27.0,32.0,30.0,49.0,27.0,30.0,28.0,46.0,26.0,34.0,28.0,37.0,31.0,35.0,35.0,24.0,27.0,28.0,25.0,46.0,36.0,35.0,26.0,28.0,27.0,24.0,30.0,40.0,29.0,24.0,33.0,22.0,30.0,30.0,35.0,31.0,21.0,28.0,33.0,30.0,28.0,25.0,29.0,30.0,45.0,37.0,24.7,29.0,37.3,35.6,26.0,31.0,36.9,29.0,33.0,26.5,28.0,25.0,27.0,29.0,28.0,38.0,22.0,29.0,36.0,28.0,30.0,31.0,28.0,29.0,22.0,26.0,26.0,28.0,27.0,30.0,32.0,30.0,26.0,30.0,24.0,31.0,27.0,29.0,32.0,28.0,36.0,29.0,33.0,34.0,25.0,31.0,33.0,26.0,26.0,36.0,41.0,37.0,30.0,31.0,35.0,42.0,29.0,27.0,37.0,34.0,28.0,21.0,31.0,32.0,33.0,29.0,25.0,31.0,32.0,32.7,27.7,24.0,38.4,28.4,34.8,40.2,22.4,36.3,32.3,26.0,24.4,23.7,27.1,23.7,24.7,26.4,31.2,40.1,24.8,22.8,25.0,24.5,24.7,29.4,28.2,36.3,29.5,25.2,24.9,26.2,28.0,29.6,29.7,27.6,29.3,26.3,25.5,40.0,25.2,26.3,36.0,34.0,32.8,37.0,38.0,30.0,26.4,28.6,22.4,37.3,31.6,33.1,23.2,31.3,25.8,30.5,23.0,30.0,32.4,24.5,31.5,31.0,32.2,26.2,25.3,40.6,25.0,26.3,39.2,27.4,26.0,30.4,34.4,28.0,31.0,20.9,25.9,28.1,29.3,29.0,27.3,39.0,47.0,39.0,28.9,31.1,27.0,44.5,25.5,26.5,28.0,24.0,22.0,28.0,30.0,32.0,35.0,45.0,29.0,28.0,27.0,36.0,,,,,,,,,
9bh,144.0,134.0,143.0,140.0,134.0,137.0,128.0,143.0,129.0,133.0,132.0,138.0,140.0,148.0,134.0,138.0,135.0,142.0,132.0,132.0,146.0,132.0,144.0,144.0,147.0,147.0,142.0,141.0,140.0,128.0,131.0,131.0,133.0,147.0,141.0,138.0,134.0,139.0,138.0,138.0,136.0,128.0,140.0,138.0,147.0,136.0,131.0,143.0,146.0,147.0,140.0,137.0,138.0,135.0,143.0,148.0,135.0,142.0,148.0,141.0,151.0,135.0,128.0,134.0,149.0,130.0,148.0,138.0,134.0,141.0,138.0,147.0,145.0,134.0,142.0,139.0,142.0,129.0,137.0,143.0,141.0,148.0,148.0,145.0,142.0,133.0,147.0,129.0,141.0,149.0,151.0,144.0,146.0,142.0,135.0,145.0,146.0,139.0,131.0,145.0,148.0,136.0,148.0,145.0,137.0,138.0,149.0,145.0,135.0,129.0,134.0,142.0,141.0,138.0,144.0,149.0,145.0,142.0,140.0,134.0,139.0,142.0,144.0,138.0,149.0,142.0,135.0,140.0,129.0,148.0,145.0,146.0,141.0,136.0,140.0,148.0,131.0,128.0,140.0,144.0,131.0,134.0,149.0,145.0,134.0,147.0,141.0,137.0,149.0,138.0,129.0,147.0,143.0,138.0,130.0,141.0,136.0,139.0,145.0,144.0,140.0,131.0,148.0,138.0,131.0,138.0,140.0,142.0,147.0,126.0,148.0,141.0,136.0,134.0,149.0,140.0,137.0,138.0,137.0,145.0,139.0,126.0,127.0,129.0,140.0,135.0,137.0,141.0,138.0,135.0,146.0,137.0,134.0,135.0,133.0,138.0,139.0,135.0,136.0,128.0,143.0,127.0,141.0,138.0,135.0,126.0,135.0,137.0,140.0,138.0,139.0,142.0,140.0,146.0,125.0,131.0,135.0,132.0,139.0,137.0,126.0,133.0,137.0,144.0,141.0,136.0,121.0,132.5,130.5,142.0,140.0,131.0,140.5,144.5,136.0,133.5,139.0,130.0,141.0,132.0,119.0,140.5,139.5,134.0,142.0,148.5,130.0,,,,,,,,
9bw,37.0,28.0,37.0,30.0,24.0,31.0,36.0,42.0,26.0,25.0,27.0,32.0,46.0,47.0,36.0,43.0,31.0,39.0,28.0,26.0,34.0,42.0,39.0,34.0,36.0,41.0,41.0,36.0,32.0,26.0,30.0,26.0,28.0,34.0,31.0,36.0,29.0,39.0,35.0,30.0,29.0,25.0,37.0,32.0,41.0,29.0,32.0,41.0,34.0,33.0,29.0,32.0,30.0,28.0,41.0,37.0,32.0,36.0,33.0,29.0,38.0,30.0,25.0,31.0,37.0,31.0,41.0,31.0,33.0,31.0,34.0,40.0,35.0,32.0,41.0,33.0,36.0,28.0,30.0,36.0,38.0,41.0,40.0,36.0,39.0,31.0,42.0,28.0,32.0,38.0,40.0,42.0,39.0,35.0,37.0,38.0,47.0,40.0,28.0,43.0,40.0,30.0,37.0,35.0,34.0,34.0,39.0,38.0,30.0,27.0,31.0,34.0,31.0,33.0,31.0,38.0,42.0,34.0,35.0,29.0,36.0,38.0,31.0,33.0,35.0,29.0,29.0,31.0,25.0,35.0,37.0,40.0,32.0,34.0,30.0,39.0,30.0,32.0,38.0,41.0,30.0,37.0,33.0,38.0,32.0,31.0,30.0,34.0,33.0,31.0,33.0,42.0,42.0,31.0,32.0,31.0,31.0,40.0,35.0,47.0,38.0,36.0,40.0,32.0,29.0,34.0,34.0,29.0,48.0,25.0,38.0,46.0,30.0,38.0,33.0,34.0,30.0,37.0,34.0,38.0,32.0,37.0,32.0,28.0,38.0,33.0,35.0,32.0,38.0,34.0,43.0,30.0,41.0,31.0,29.6,35.0,29.0,31.0,31.0,24.0,44.0,27.0,41.0,37.0,41.0,33.0,34.0,30.0,35.0,34.0,32.0,37.0,36.0,30.0,27.0,30.0,25.0,27.0,33.0,29.0,29.0,28.0,28.0,37.0,34.0,39.1,20.8,34.4,26.9,32.7,42.5,27.2,41.5,34.9,30.5,26.2,38.1,26.5,37.1,29.2,23.3,36.7,34.6,30.0,41.7,36.4,26.1,,,,,,,,
10bh,151.5,147.5,155.0,152.0,157.0,140.0,138.0,137.5,140.0,144.0,134.0,142.5,140.5,138.0,138.0,137.0,133.0,142.0,138.0,135.0,149.5,145.0,141.0,146.0,146.0,141.0,136.5,136.0,140.0,136.0,145.0,140.0,138.0,140.0,143.0,138.0,149.0,144.0,140.0,130.5,147.0,153.0,140.0,141.5,136.5,143.0,137.0,131.0,139.0,148.0,130.5,134.0,132.0,139.5,145.5,144.5,146.5,141.0,138.0,141.5,144.0,139.5,149.0,136.5,152.0,136.0,137.5,139.0,148.0,143.0,141.0,141.0,143.0,147.0,144.0,140.0,145.0,149.0,139.0,133.0,145.0,155.0,134.8,142.0,138.0,142.0,132.0,142.0,142.0,158.5,141.0,146.8,149.0,138.0,136.0,146.0,134.0,138.0,137.0,133.0,137.0,139.0,152.0,146.0,141.0,135.0,150.6,141.0,140.0,140.0,133.0,137.0,144.0,156.0,136.6,134.0,139.0,149.0,141.0,142.0,141.0,135.0,143.0,144.0,153.0,139.0,147.0,138.0,150.0,149.5,154.0,141.5,145.0,144.0,139.0,150.0,142.0,140.0,139.0,143.0,138.0,149.0,141.0,139.0,149.0,146.0,150.0,149.0,137.0,141.0,142.0,143.0,147.0,138.0,136.0,142.0,139.0,145.0,137.0,136.0,145.0,139.0,136.0,140.0,147.0,143.0,147.0,141.0,145.0,139.0,140.0,142.0,147.0,148.0,142.0,138.0,140.0,146.0,138.0,148.0,154.0,149.0,146.0,138.0,144.0,143.0,134.0,141.0,139.0,144.0,146.0,143.0,138.0,151.0,148.0,146.0,152.0,143.0,141.0,143.0,142.0,140.0,143.0,147.0,144.0,140.0,145.0,149.0,139.0,133.0,145.0,151.0,153.0,135.0,143.0,138.0,142.0,134.0,142.0,144.0,156.0,141.0,145.0,149.0,142.0,145.0,154.0,139.0,136.0,149.0,135.0,137.0,134.0,137.0,133.0,137.0,139.0,153.0,142.0,141.0,138.0,144.0,141.0,144.0,140.0,133.0,137.0,144.0,155.0,137.0,134.0,139.0,149.0,141.0,142.0
10bw,40.5,40.1,45.8,42.6,49.2,35.4,36.3,35.9,40.1,35.1,29.2,48.5,43.3,43.3,32.1,35.2,32.4,31.0,28.4,30.0,38.4,31.5,30.0,40.7,47.2,38.0,32.7,27.0,32.2,27.2,42.5,40.7,29.4,39.4,37.8,43.8,51.5,32.3,29.3,30.2,43.5,40.0,31.8,30.0,36.3,47.1,28.0,26.1,44.4,44.1,33.9,31.0,28.4,28.8,42.0,37.3,39.2,33.8,31.1,34.8,34.8,33.5,41.8,30.3,59.0,29.5,29.6,29.5,34.4,35.0,41.5,32.5,36.0,40.0,37.6,38.0,36.0,38.0,36.0,27.5,50.0,58.0,26.0,37.0,41.0,42.0,39.0,39.0,44.0,39.0,35.0,41.5,35.0,30.0,33.0,34.0,34.0,34.0,28.0,41.0,34.2,36.0,60.0,47.3,33.0,31.9,58.5,41.4,37.0,31.0,28.0,31.3,34.6,62.0,43.0,29.8,35.0,56.2,36.4,34.6,34.8,31.3,45.0,34.0,40.5,32.9,44.0,33.0,48.0,43.0,36.8,33.0,33.6,39.0,41.0,44.0,36.0,37.0,35.0,40.0,32.0,41.0,36.0,35.0,37.0,40.0,39.0,42.0,34.0,33.0,27.0,31.0,38.0,32.0,34.0,42.0,36.0,39.0,38.0,34.0,32.0,31.0,30.0,36.0,34.0,51.0,38.0,34.0,32.0,37.0,34.0,38.0,53.0,36.0,39.0,33.0,34.0,39.0,31.0,35.0,42.0,53.0,32.0,31.0,39.0,40.0,29.0,44.0,34.0,33.0,37.0,38.0,33.0,45.0,44.0,39.0,41.0,32.0,35.0,35.0,45.0,32.5,36.0,40.0,37.6,38.0,36.0,38.0,36.0,27.5,37.0,58.0,48.0,28.0,39.0,37.0,40.0,33.0,38.0,49.0,42.0,35.0,41.5,35.0,38.0,40.0,62.0,30.0,33.0,39.0,34.0,35.0,27.0,28.0,41.0,34.2,36.0,47.0,49.0,33.0,30.0,49.0,41.0,37.0,31.0,28.0,31.0,34.0,60.0,43.0,30.0,35.0,42.0,35.0,31.0
11bh,154.0,156.0,142.0,140.0,148.0,144.0,152.0,162.0,149.0,146.0,134.0,136.0,151.0,140.0,151.0,155.0,150.0,143.0,146.0,164.0,156.0,139.0,149.0,156.0,150.0,154.0,143.0,151.0,159.0,147.0,152.0,158.0,145.0,142.0,158.0,148.5,154.5,159.5,142.0,157.5,147.5,156.0,144.5,149.0,133.0,149.0,154.0,151.0,136.5,145.0,142.0,153.5,160.5,141.5,140.5,132.5,144.0,147.0,155.0,157.0,150.0,135.0,149.0,143.0,151.5,142.0,133.0,148.0,136.0,138.5,147.0,166.0,154.0,153.0,147.0,148.5,145.0,140.0,146.0,141.0,155.0,152.0,141.5,157.0,145.0,148.5,146.0,146.0,157.0,151.0,146.0,140.0,138.0,139.0,146.0,137.0,148.0,138.0,141.0,157.0,145.0,135.0,141.0,155.0,158.0,144.0,148.0,146.0,153.0,154.0,147.0,151.0,146.0,138.0,154.0,136.0,147.0,152.0,147.0,145.0,148.0,156.0,149.0,134.0,149.0,137.0,136.0,136.0,150.0,151.0,156.0,147.0,138.0,146.0,168.0,155.0,163.0,152.0,148.0,146.0,138.0,146.0,139.0,134.0,156.0,142.0,148.0,141.0,143.0,154.0,144.0,155.0,152.0,150.0,155.0,145.0,139.0,151.0,142.0,136.0,152.0,141.0,148.0,146.0,151.0,139.0,150.0,143.0,152.0,154.0,148.0,152.0,153.0,141.0,154.0,146.0,149.0,148.0,151.0,143.0,135.0,153.0,148.0,154.0,148.0,156.0,143.0,138.0,151.0,144.0,146.0,147.0,148.0,138.0,141.0,157.0,145.0,135.0,141.0,155.0,158.0,149.0,148.0,146.0,153.0,151.0,147.0,150.0,146.0,138.0,154.0,152.0,143.0,133.0,152.0,141.5,150.0,135.5,153.0,145.0,148.0,139.0,144.0,132.0,143.0,144.0,153.0,139.0,153.5,133.0,150.0,149.5,154.0,141.5,145.0,147.0,144.0,150.0,,,,,,,,,,,,,,,,,
11bw,41.3,44.5,39.0,43.0,33.9,38.0,40.0,49.8,36.4,44.0,30.0,33.3,35.9,33.0,58.0,51.0,40.2,41.0,44.0,66.0,60.8,31.0,37.0,45.0,47.0,56.0,39.0,42.0,40.5,39.0,45.0,47.0,39.0,35.7,46.0,49.7,44.6,50.0,51.4,46.5,36.0,43.2,35.5,35.8,26.0,41.8,46.7,37.0,28.0,42.2,48.6,42.3,43.0,36.3,34.0,27.6,40.0,43.0,54.8,49.4,40.3,40.8,44.5,37.0,50.0,34.8,25.3,41.0,38.0,42.7,33.8,64.3,45.2,47.0,30.3,38.0,39.0,36.3,33.0,32.0,48.4,47.0,51.2,45.3,34.8,36.0,43.1,50.6,50.0,50.1,35.7,30.3,37.2,42.2,40.8,54.0,37.0,30.0,44.0,43.0,39.0,31.0,55.0,54.0,57.0,30.0,36.0,46.0,50.0,49.0,35.0,43.0,45.0,32.0,52.0,27.0,49.5,54.0,49.0,35.0,41.0,52.0,45.0,40.0,43.0,33.0,35.0,35.0,39.0,35.0,43.0,32.0,30.0,42.0,59.0,56.0,52.0,43.0,35.0,32.0,39.0,32.0,42.0,41.0,49.0,34.0,44.0,38.0,42.0,34.0,31.0,52.0,56.0,38.0,44.0,34.0,30.0,39.0,34.0,31.0,56.0,35.0,43.0,40.0,39.0,32.0,42.0,34.0,42.0,47.0,39.0,36.0,36.0,37.0,39.0,33.0,43.0,34.0,33.0,40.0,34.0,41.0,53.0,42.0,38.0,48.0,39.0,34.0,39.0,35.0,39.0,53.0,37.0,30.0,44.0,43.0,39.0,31.0,55.0,54.0,67.0,37.0,36.0,46.0,50.0,53.0,35.0,43.0,45.0,32.0,52.0,42.0,40.0,31.3,51.9,43.0,33.7,30.3,45.5,33.0,38.1,34.7,34.8,31.3,45.4,33.9,40.5,32.9,43.6,31.4,48.0,46.4,36.8,30.1,33.6,38.0,34.0,39.0,,,,,,,,,,,,,,,,,
12bh,161.0,158.0,151.0,155.5,144.0,151.5,156.0,152.0,149.0,163.0,157.0,166.0,144.0,152.5,159.5,156.0,164.0,167.0,157.0,163.0,147.0,162.0,154.0,164.0,142.0,158.0,150.0,152.0,153.0,158.0,157.5,156.5,150.0,140.5,147.0,160.0,153.0,154.5,151.0,162.0,153.0,158.5,158.0,154.0,152.5,148.0,148.5,154.0,155.0,142.5,152.0,157.0,156.5,154.0,153.5,156.0,142.0,142.0,144.0,146.5,162.0,152.5,144.5,146.0,143.0,159.0,152.0,146.0,158.0,153.0,157.5,156.0,151.0,153.5,151.0,144.0,152.0,155.0,143.0,162.0,149.0,156.5,143.0,162.0,148.0,153.0,142.0,148.0,151.0,155.0,149.0,152.0,162.0,161.0,143.0,156.0,143.0,147.0,158.0,142.0,146.0,154.0,140.0,151.0,143.0,159.0,143.0,130.0,155.0,143.0,150.0,142.0,159.0,140.0,146.0,149.0,151.0,150.0,155.0,143.0,164.0,152.0,155.0,149.0,160.0,148.0,155.0,166.0,146.0,139.0,160.0,159.0,148.0,145.0,142.0,135.0,141.0,147.0,143.0,167.0,151.0,149.0,140.0,168.0,151.0,168.0,149.0,168.0,156.0,153.0,151.0,150.0,144.0,150.0,147.0,154.0,165.0,155.0,154.0,169.0,151.0,168.0,162.0,152.0,168.0,171.0,153.0,150.0,165.0,161.0,165.0,159.0,162.0,146.0,158.0,155.0,163.0,156.0,149.0,150.0,153.0,149.5,142.0,150.0,149.0,155.0,149.5,161.0,151.0,168.0,161.5,159.0,153.0,161.5,151.5,144.0,154.0,145.5,153.5,145.5,152.0,157.5,143.0,147.0,146.5,144.0,138.0,162.0,169.0,150.0,161.0,157.0,163.0,156.0,141.0,142.0,156.0,152.0,163.0,160.0,141.0,131.0,147.0,162.0,155.0,160.0,151.0,130.0,171.0,163.0,152.0,157.0,166.0,156.0,165.0,157.0,150.0,157.0,166.0,162.0,147.0,154.0,144.0,156.0,154.0,170.0,,,,,,,,,
12bw,52.2,45.5,36.6,41.4,29.0,39.4,50.0,39.8,47.0,56.3,54.0,59.7,34.9,44.1,55.1,49.0,61.0,67.5,49.2,57.1,49.0,52.1,43.3,52.6,42.2,52.7,50.0,48.1,49.5,51.0,53.8,59.4,37.5,29.5,36.5,63.8,44.2,43.2,40.5,43.5,34.9,41.2,43.5,43.5,37.0,36.0,35.8,40.7,41.0,34.8,43.0,56.2,47.4,47.0,48.2,42.0,30.7,46.2,45.0,36.4,49.0,43.0,40.0,45.0,42.0,48.0,44.0,39.0,43.8,67.0,69.0,42.0,38.8,48.0,62.0,36.0,41.7,39.0,31.0,48.0,35.0,43.0,37.0,52.3,56.0,38.0,34.0,41.6,42.0,49.0,41.5,38.0,43.0,70.5,35.0,39.0,34.0,40.0,47.6,36.0,38.2,62.0,41.0,43.8,39.0,51.6,36.0,30.0,53.0,33.0,46.0,38.0,51.0,42.0,35.0,36.0,47.0,46.0,72.0,38.0,58.0,45.0,51.0,44.0,49.0,38.0,47.0,75.0,47.0,34.0,60.0,44.0,57.0,41.0,38.0,29.0,37.0,48.0,54.0,47.0,35.0,52.0,34.0,59.0,39.0,45.0,48.0,63.0,46.0,48.0,43.0,44.0,32.0,44.0,43.0,55.0,50.0,43.5,55.0,53.0,38.0,54.0,56.0,43.0,55.8,56.0,50.0,48.0,54.0,47.0,50.0,44.0,52.0,42.0,47.0,51.0,70.0,50.0,44.0,43.0,51.0,48.3,36.7,34.1,41.9,44.8,40.3,51.9,34.3,71.2,37.2,42.4,66.3,61.4,48.0,34.3,44.1,48.0,50.1,41.3,49.7,61.7,30.9,34.8,39.2,33.5,37.1,43.5,48.8,38.0,51.0,42.0,69.0,55.0,34.0,33.4,46.0,49.0,77.0,43.0,35.0,34.0,39.0,44.0,47.0,57.0,47.0,32.0,65.0,52.0,53.0,37.0,70.0,36.0,47.0,44.0,37.0,54.0,48.0,51.0,37.0,41.0,35.0,46.0,61.0,50.0,,,,,,,,,
13bh,144.0,167.0,161.0,156.0,152.0,168.0,165.5,157.0,169.0,158.0,151.0,157.0,155.5,169.0,164.5,156.5,166.5,154.5,148.0,156.5,157.0,159.0,164.0,163.0,165.0,162.0,152.0,171.0,164.5,161.5,158.0,162.0,163.0,170.0,158.0,147.0,156.0,149.0,163.0,147.0,169.0,143.0,154.0,172.0,148.0,153.0,161.0,150.0,156.0,151.0,158.0,155.0,171.0,140.0,159.0,155.0,160.0,158.0,161.0,177.0,164.0,153.0,160.0,168.0,161.0,155.0,162.0,150.0,166.0,172.0,166.0,176.0,150.0,150.0,166.0,171.0,159.0,153.0,148.0,161.0,164.0,149.0,158.0,167.0,151.0,159.0,153.0,171.0,145.0,153.0,155.0,180.0,149.0,176.0,160.0,147.0,171.0,167.0,159.0,168.0,172.0,165.0,162.0,167.0,155.0,162.0,178.0,158.0,171.0,167.0,163.0,161.0,156.0,157.0,174.0,167.0,158.0,168.0,162.0,169.0,164.0,165.5,172.0,160.0,168.0,151.0,171.0,164.0,168.0,167.0,165.0,163.0,171.0,169.0,166.0,168.0,172.0,172.0,164.0,169.0,166.0,170.0,151.0,170.0,165.0,177.0,165.0,158.0,169.0,176.0,164.0,171.0,165.0,161.0,175.0,167.0,166.0,168.0,152.0,165.0,158.0,159.0,167.0,163.0,157.0,175.0,167.0,166.0,163.0,162.0,174.0,176.0,166.0,177.0,162.0,165.0,164.0,161.0,163.0,172.0,169.0,170.0,166.0,168.0,163.0,169.0,154.0,169.0,170.0,160.0,180.0,170.0,155.0,165.0,168.0,167.0,172.0,168.0,163.0,152.0,164.0,171.0,164.5,158.0,154.0,170.0,159.0,170.0,164.5,166.5,161.0,173.0,164.0,171.0,167.5,162.5,164.0,152.0,177.0,154.5,179.0,149.0,154.5,159.0,163.0,170.5,164.5,161.5,162.0,151.0,162.0,155.0,157.0,155.0,162.0,163.0,178.0,175.0,167.0,162.0,161.0,149.0,164.0,160.5,164.5,170.0,,,,,,,,,
13bw,49.6,60.2,40.8,50.2,51.9,46.9,48.6,40.0,54.2,45.4,48.5,56.1,48.4,68.9,46.0,46.8,44.7,35.2,36.9,70.8,60.0,46.0,47.4,76.0,78.0,68.2,37.4,50.5,46.9,68.6,48.2,53.0,55.0,65.0,59.0,58.0,41.0,42.0,47.0,42.0,57.0,40.0,40.0,61.0,40.0,45.0,56.0,45.0,48.0,44.0,51.0,41.0,57.0,35.0,50.0,42.0,48.0,72.0,45.0,57.0,52.0,47.0,66.0,51.0,56.0,40.0,37.5,44.0,69.8,66.0,60.0,78.0,41.4,43.0,78.0,54.0,45.0,44.0,42.0,66.0,55.0,41.0,47.0,71.0,42.0,48.0,44.0,46.0,37.5,40.0,40.0,54.0,41.0,55.0,43.0,43.0,62.0,56.0,48.0,58.0,64.0,75.0,53.8,51.0,47.0,49.5,69.0,44.5,59.0,71.0,46.0,68.0,41.0,47.0,58.0,54.0,47.0,53.0,51.5,58.0,47.0,54.0,63.6,46.0,51.0,44.0,53.0,71.5,59.0,73.0,54.5,54.0,61.0,58.0,55.0,60.0,59.0,62.0,53.0,50.4,49.5,58.0,47.0,60.0,77.0,61.0,52.0,42.0,59.0,60.0,54.0,63.0,58.0,72.0,61.7,67.0,41.0,70.0,39.0,53.0,49.0,46.7,62.0,51.0,54.0,84.0,62.0,52.0,46.0,51.0,60.0,61.0,52.0,57.0,56.0,54.0,49.0,58.0,49.0,59.0,64.0,53.0,51.0,60.0,51.0,58.0,42.0,50.0,63.0,46.0,71.0,59.0,49.0,76.0,60.0,58.5,61.0,52.0,48.0,51.0,70.7,58.1,57.0,50.0,40.0,53.7,63.3,83.5,49.7,49.1,52.5,56.8,38.1,57.2,57.1,51.8,60.7,58.3,75.0,40.5,69.3,42.3,44.0,56.0,59.0,60.5,54.8,54.3,59.7,51.8,74.1,57.5,44.9,41.6,46.4,39.6,65.0,84.0,55.0,46.0,46.6,37.0,44.8,59.8,49.5,62.2,,,,,,,,,
14bh,157.0,168.0,179.0,170.0,151.0,173.0,165.0,169.0,157.0,163.0,170.0,167.0,164.0,165.0,171.0,174.0,168.0,164.0,167.0,174.0,171.0,161.0,172.0,167.0,179.0,167.0,186.0,172.0,175.0,160.0,171.0,182.0,168.0,179.0,181.0,176.0,179.0,143.0,164.0,169.0,172.0,166.0,167.0,145.0,155.0,165.0,155.0,176.0,154.0,165.0,169.0,158.0,163.0,163.0,171.0,156.0,161.0,166.0,164.0,162.0,162.0,161.5,170.0,170.0,174.0,163.0,167.0,167.0,167.5,163.0,169.0,157.0,156.0,170.0,166.5,167.0,163.0,165.0,148.5,187.0,190.0,156.0,171.0,168.0,169.0,167.0,172.0,168.0,171.0,181.0,168.0,169.0,166.0,182.0,162.0,170.5,171.0,175.0,160.0,176.5,162.0,170.0,165.0,175.0,179.0,175.0,163.0,149.0,170.0,169.0,165.0,154.0,171.0,163.0,170.0,176.0,169.0,163.0,155.0,151.0,160.0,172.0,161.0,183.0,165.0,173.0,168.0,163.0,156.0,168.0,175.0,176.0,180.0,160.0,158.0,171.0,155.0,149.0,170.0,163.0,172.0,178.0,167.0,166.0,168.0,169.0,170.0,156.0,162.0,171.0,176.0,183.0,174.0,169.0,176.0,163.0,167.0,141.0,172.0,165.0,161.0,184.0,175.0,170.0,171.0,164.0,170.0,160.0,175.0,163.0,177.0,165.0,172.0,166.0,150.0,160.0,177.0,151.0,174.0,163.0,177.0,177.0,176.0,170.0,170.0,154.0,155.0,175.0,169.0,178.0,167.0,172.0,167.0,167.0,168.0,169.0,180.0,174.0,162.0,167.0,169.0,169.0,163.0,173.0,174.0,162.0,157.0,171.0,173.0,157.0,159.0,159.0,176.0,175.0,167.0,161.0,162.0,174.0,171.5,178.5,174.0,164.5,159.5,163.0,173.0,157.0,168.0,175.5,165.0,159.5,173.5,156.5,159.0,173.5,173.5,158.0,169.5,180.0,168.0,173.0,170.5,165.5,171.5,,,,,,,,,,,,
14bw,40.0,74.0,62.0,58.0,37.0,71.0,49.0,48.0,44.0,57.0,60.0,49.0,68.0,59.0,64.0,65.5,57.0,57.6,58.0,54.0,54.0,55.0,64.0,65.0,57.0,60.0,66.0,75.0,56.0,48.0,60.0,70.0,52.0,56.0,71.0,80.0,61.0,36.0,43.7,48.1,60.7,59.6,60.1,39.2,41.5,56.1,46.7,66.7,59.9,56.3,75.6,47.5,68.0,45.5,61.3,39.0,48.0,59.0,52.5,51.0,46.3,46.2,53.5,66.6,59.0,59.0,64.0,50.3,53.0,50.0,51.5,60.0,56.6,68.0,54.9,69.1,64.5,50.5,46.7,79.2,81.0,62.0,63.0,55.7,56.6,54.0,66.0,59.0,52.5,57.5,75.3,62.0,75.3,86.0,52.8,51.8,61.2,61.5,44.4,60.0,41.8,59.0,54.0,56.0,66.0,58.0,62.0,55.0,58.0,60.0,54.0,47.0,65.0,44.0,76.0,63.0,54.0,50.3,53.0,43.7,71.0,57.0,45.0,69.8,49.8,59.0,52.0,55.0,41.3,53.6,70.3,61.0,55.4,48.6,43.7,56.0,41.3,53.0,67.1,44.7,51.0,69.5,49.5,70.0,50.6,68.0,47.8,42.0,49.5,63.5,52.8,60.7,60.2,66.0,63.0,43.0,54.0,50.0,57.0,71.0,53.0,70.0,78.5,54.0,58.0,70.0,69.0,48.0,82.0,58.0,69.5,65.0,64.0,49.0,53.0,48.7,69.0,37.0,59.0,49.0,83.0,64.0,65.0,61.0,57.0,48.0,45.0,61.0,62.0,67.0,55.0,82.0,57.0,52.5,52.0,54.0,60.0,63.0,46.0,81.0,49.0,53.0,48.0,55.0,63.0,74.0,68.0,75.0,56.0,44.0,56.0,55.0,73.0,57.0,49.0,44.0,57.1,63.0,83.1,58.5,52.3,49.2,53.8,47.2,56.6,63.2,58.4,59.7,54.2,44.7,57.3,42.4,47.9,52.9,71.2,50.2,57.5,78.3,71.4,86.6,40.3,57.5,64.7,,,,,,,,,,,,
15bh,172.5,170.0,180.0,170.0,175.0,172.0,183.0,175.0,173.0,180.0,166.5,177.0,166.0,164.0,172.0,180.0,174.0,166.0,170.0,167.0,184.0,182.0,168.0,168.0,166.0,164.5,186.0,165.5,175.0,175.5,165.0,158.0,167.0,172.0,170.0,171.0,166.0,154.0,178.0,180.5,171.0,174.0,170.8,177.0,168.0,167.0,176.0,164.0,162.0,180.0,169.0,174.0,167.5,173.0,158.0,162.0,169.0,169.0,161.0,172.0,170.0,171.0,169.0,175.0,175.0,171.0,158.0,176.0,164.0,172.0,179.0,168.0,171.0,182.0,164.0,169.0,172.0,156.0,172.0,172.0,179.0,164.0,184.0,168.0,173.0,169.0,164.0,175.0,167.0,183.0,167.0,160.0,164.0,160.0,170.0,168.0,165.0,178.0,170.0,168.0,168.0,174.0,170.0,170.0,173.0,172.0,171.0,175.0,172.0,172.0,174.0,169.0,170.0,173.0,171.0,162.0,179.0,166.0,173.0,172.0,160.0,172.0,169.0,166.0,169.0,165.0,170.0,176.0,172.0,168.0,165.0,173.0,174.0,163.0,174.0,169.0,172.0,171.0,170.0,173.0,169.0,168.0,174.0,170.0,165.0,173.0,175.0,174.0,171.0,167.0,165.0,170.5,164.5,176.5,175.5,170.5,174.0,171.0,171.5,173.0,165.5,168.0,173.0,177.0,176.0,178.5,172.0,167.5,163.5,170.0,180.5,179.0,176.0,178.0,178.0,176.0,175.0,182.0,174.0,184.0,174.0,174.0,183.0,162.0,179.0,171.0,184.0,172.0,163.0,181.0,182.0,174.0,178.0,181.0,177.0,173.0,174.0,172.0,174.0,178.0,161.0,177.0,180.0,166.0,181.0,178.0,173.0,174.0,164.0,176.5,189.0,181.0,173.0,170.0,161.0,180.0,171.0,182.0,174.0,167.0,180.0,174.0,187.0,165.0,170.0,189.0,169.0,177.0,171.0,175.0,169.0,173.0,172.0,167.0,172.0,171.0,167.0,164.0,185.0,171.0,173.0,,,,,,,,,,,,,,
15bw,60.0,58.4,63.6,77.1,67.0,54.3,84.5,71.5,59.7,60.4,57.6,69.0,58.4,52.8,66.0,63.2,72.5,47.3,61.0,55.6,76.4,80.5,56.0,56.0,40.3,55.9,68.0,68.6,70.4,65.5,52.6,51.7,61.4,67.9,78.8,63.3,48.3,50.0,69.7,69.6,72.1,55.8,49.0,59.0,56.5,54.4,60.9,59.0,50.2,56.3,71.0,57.3,61.6,48.2,51.0,79.0,51.3,55.0,52.0,77.5,58.3,83.0,58.0,56.5,60.0,66.0,62.0,86.3,66.0,89.0,63.4,58.0,74.0,69.0,71.5,70.0,83.0,42.0,58.0,68.0,79.0,56.3,66.5,75.0,65.0,68.0,50.0,67.0,73.0,62.0,52.0,50.0,59.0,53.0,84.0,54.2,58.0,69.0,70.0,65.0,61.0,63.0,68.0,84.0,59.0,56.0,52.0,71.0,70.0,84.0,54.0,58.0,61.0,51.0,67.0,42.6,48.0,54.0,64.0,53.0,48.0,61.0,56.0,54.0,51.0,47.8,57.5,61.0,56.0,59.0,54.5,60.0,65.0,51.0,62.0,58.0,61.0,56.5,54.0,58.0,54.5,57.5,66.0,59.0,54.6,53.5,60.6,57.0,54.5,53.0,55.6,86.0,59.7,68.4,67.9,73.2,83.3,60.9,54.9,55.7,57.0,48.8,50.9,59.3,63.5,63.8,77.3,47.6,48.8,65.2,53.0,76.2,56.0,61.0,64.0,71.0,60.0,76.0,52.0,66.0,72.0,69.0,65.0,44.0,70.0,59.0,69.0,49.0,47.0,64.0,73.0,63.0,60.0,69.0,70.0,59.0,80.0,63.0,64.0,77.0,44.1,61.0,91.0,60.2,69.0,59.6,61.1,71.0,52.0,72.0,87.0,73.5,50.9,68.8,73.0,78.0,56.0,75.0,54.0,56.0,61.0,47.0,71.0,50.0,54.0,59.0,55.0,56.0,59.0,90.0,55.0,67.0,61.0,78.0,66.0,59.0,66.0,60.0,78.0,85.0,63.0,,,,,,,,,,,,,,
16bh,190.0,175.0,181.0,171.0,186.0,177.0,176.0,176.0,177.0,163.0,174.0,171.0,177.0,164.0,179.0,163.0,170.0,179.0,175.0,161.0,163.0,180.0,170.0,181.0,186.0,188.0,181.0,172.0,184.0,174.0,166.0,185.0,176.0,169.0,173.0,175.0,176.0,178.0,180.0,177.0,168.0,165.0,176.0,172.0,179.0,166.0,176.0,159.0,169.0,173.0,178.0,171.0,175.0,167.0,180.0,177.0,178.0,181.0,170.0,176.0,165.0,166.0,175.0,180.0,177.0,174.0,175.0,172.0,177.0,165.0,186.0,172.0,174.0,174.0,180.0,174.0,173.0,166.0,174.0,169.0,170.0,168.0,175.0,168.0,188.0,170.0,174.0,174.0,177.0,172.0,166.0,173.0,168.0,181.0,175.0,178.0,176.0,184.0,171.0,180.0,180.0,186.0,174.0,173.0,176.0,168.5,185.0,171.0,165.0,187.0,173.0,173.0,171.0,180.0,180.0,185.0,174.0,187.0,181.0,177.5,171.5,180.0,179.5,171.0,181.0,176.5,186.0,179.0,173.5,170.0,176.0,168.5,182.0,174.5,173.5,172.5,177.5,178.0,177.0,169.0,171.0,180.0,180.0,181.0,174.0,173.0,176.0,168.5,185.0,171.0,165.0,187.0,173.0,173.0,171.0,180.0,180.0,185.0,174.0,177.0,175.0,173.0,183.0,186.0,169.0,184.0,179.0,189.0,174.0,169.0,173.0,181.0,180.0,182.0,186.0,175.0,177.0,178.0,188.0,182.0,170.0,175.0,177.0,181.0,171.0,186.0,177.0,181.0,179.0,172.0,176.0,176.0,178.0,175.0,182.0,174.0,167.0,180.0,170.0,177.0,170.0,176.0,164.0,179.0,174.0,182.0,171.0,183.0,163.0,170.0,186.0,179.0,185.0,171.0,185.0,178.0,171.0,178.0,170.0,180.0,166.0,181.0,172.0,175.0,173.0,171.0,181.0,172.0,173.0,184.0,168.0,174.0,166.0,185.0,184.0,,,,,,,,,,,,,,,,,,,,
16bw,79.0,60.0,73.0,56.0,82.0,51.0,55.0,64.0,67.0,73.0,67.0,71.0,56.0,42.0,78.0,67.0,59.0,89.0,62.0,47.0,47.0,90.0,80.0,73.0,70.0,68.0,60.0,71.0,71.0,62.0,57.0,73.0,71.0,58.0,61.0,59.5,67.0,64.0,63.0,61.0,56.0,53.0,61.0,54.0,67.0,57.0,62.0,56.0,57.0,61.0,63.0,59.0,60.0,57.0,71.0,68.0,72.0,77.0,56.0,59.0,55.0,52.0,60.0,62.0,70.0,64.0,73.0,60.0,65.0,63.0,73.0,58.0,75.0,60.0,61.0,56.0,66.0,60.0,61.0,52.0,58.0,51.0,61.0,61.0,70.0,72.0,62.0,69.0,74.0,56.0,50.0,81.0,59.0,56.0,76.0,74.8,90.0,62.6,69.0,55.8,64.0,60.8,81.8,63.8,63.5,66.3,86.7,62.7,68.0,81.2,65.0,74.0,57.0,72.0,63.5,70.0,70.0,70.0,60.8,71.4,53.9,77.7,55.8,56.5,66.4,67.0,79.9,91.5,64.0,41.7,64.4,55.6,66.6,70.4,56.8,56.7,65.8,57.0,72.0,62.0,69.0,53.0,64.0,62.0,81.8,63.8,63.5,66.3,86.7,62.7,68.0,81.2,65.0,74.0,57.0,72.0,63.5,70.0,70.0,70.0,55.0,64.0,57.0,75.0,50.0,63.0,75.0,89.0,65.0,70.0,55.0,71.0,83.0,45.0,67.0,60.0,70.0,62.0,79.0,69.0,59.0,60.0,70.0,73.0,56.0,82.0,50.0,72.0,76.0,61.0,55.0,64.0,67.0,73.0,67.0,66.0,60.0,75.0,66.0,69.0,61.0,71.0,42.0,78.0,63.0,74.0,62.0,77.0,67.0,59.0,75.0,89.0,62.0,47.0,74.0,71.0,46.0,90.0,67.0,72.0,64.0,73.0,70.0,65.0,68.0,68.0,60.0,71.0,62.0,71.0,57.0,62.0,57.0,73.0,71.0,,,,,,,,,,,,,,,,,,,,
17bh,183.0,182.0,168.0,175.0,178.0,180.0,172.0,176.0,160.0,188.0,170.0,173.0,188.0,179.0,189.0,190.0,179.0,166.0,192.0,187.0,178.0,180.0,172.0,173.0,173.0,178.0,182.0,168.0,177.0,167.0,181.0,171.0,163.0,182.0,178.0,167.5,176.5,178.0,182.0,168.0,165.0,178.0,182.0,164.0,176.0,175.0,181.5,178.0,178.0,174.0,175.5,178.0,176.0,169.0,171.0,164.5,168.0,180.0,171.0,172.5,182.5,178.0,184.0,186.0,180.5,179.0,169.0,178.0,185.5,182.0,196.0,185.0,174.0,171.0,173.0,179.0,190.0,181.0,173.0,178.0,181.0,183.0,176.0,175.0,173.0,183.0,187.0,169.0,179.0,188.0,174.0,187.5,180.0,173.0,177.0,181.0,180.0,183.0,176.5,176.0,178.0,187.0,173.0,181.0,179.0,176.0,182.0,181.0,176.0,167.0,184.0,173.0,178.0,182.0,177.0,182.0,171.0,174.0,182.0,176.0,165.0,185.0,184.0,177.0,182.0,183.0,172.0,171.0,182.0,175.0,166.0,169.0,180.0,182.0,180.0,174.0,185.0,168.0,175.0,172.0,178.0,183.0,168.0,187.0,180.0,188.0,178.0,179.0,167.0,172.0,169.0,170.0,160.0,170.0,178.0,174.0,174.0,189.0,176.0,187.0,172.0,194.0,170.0,162.0,174.0,180.0,177.0,173.0,174.0,178.0,172.0,169.0,170.0,177.0,173.0,175.0,175.0,180.0,168.0,171.0,173.0,170.0,190.0,174.0,175.0,173.0,182.0,174.0,176.0,172.0,175.0,169.0,171.0,173.0,174.0,173.0,170.0,175.0,177.0,169.0,176.0,175.0,176.0,173.0,178.0,172.0,181.0,172.0,175.0,168.0,177.0,177.0,180.0,167.0,173.0,182.0,175.0,171.0,168.0,181.0,171.0,163.0,182.0,182.0,179.0,186.0,176.0,178.0,167.5,176.5,178.0,182.0,173.0,172.0,171.0,166.0,168.0,181.0,172.0,184.5,181.0,178.0,184.0,172.0,168.0,180.0,171.0,169.0,180.0,,,,,,
17bw,73.0,81.0,60.0,65.0,64.0,67.0,63.0,84.0,59.0,70.0,66.0,61.0,82.0,65.0,100.0,73.0,62.0,53.0,86.0,95.0,79.0,74.0,65.0,66.0,59.0,58.0,69.0,62.0,61.5,59.5,64.6,62.0,57.0,64.6,62.0,59.0,67.0,76.0,81.0,66.0,65.0,64.0,81.0,80.7,61.1,84.2,70.0,76.5,82.2,75.1,54.9,63.0,53.6,57.0,56.5,53.6,49.6,68.2,64.7,90.0,68.4,61.7,56.0,72.0,69.0,81.0,58.0,62.2,76.0,56.3,69.7,64.7,61.0,58.9,65.0,63.0,74.0,79.0,65.0,56.0,67.0,75.0,64.0,62.5,64.0,64.0,75.0,54.0,75.0,83.0,65.0,101.0,83.0,54.0,67.0,74.0,75.0,67.0,66.0,68.0,63.0,64.0,62.0,74.0,56.0,64.6,65.8,78.0,69.0,78.6,82.0,59.5,67.0,61.5,62.8,58.0,57.8,65.0,66.3,71.0,56.0,69.0,76.0,65.5,89.0,71.4,62.0,56.0,78.0,62.0,56.0,61.0,79.0,71.0,70.0,56.0,85.0,57.0,58.0,51.0,70.0,73.0,59.0,80.0,71.0,97.0,64.0,58.0,64.2,65.0,58.0,73.0,48.0,48.0,82.0,65.0,58.0,70.0,66.6,65.0,79.0,100.0,64.0,69.0,67.0,69.7,58.7,63.0,62.0,69.0,64.0,64.0,63.6,87.0,78.0,69.0,67.0,70.0,55.0,61.0,64.0,50.0,81.0,63.0,68.0,71.4,65.0,66.0,72.0,68.0,64.0,62.0,77.0,63.0,68.0,71.0,58.0,74.0,71.0,62.0,67.0,64.0,58.0,68.0,70.0,58.0,68.0,56.0,65.0,62.0,62.0,61.5,73.0,59.5,56.0,75.0,68.0,62.0,58.0,64.6,62.0,57.0,64.6,65.0,74.0,80.0,72.0,62.0,59.0,67.0,72.0,76.0,51.0,64.0,57.0,57.0,53.0,69.0,63.0,91.0,69.0,61.7,54.0,65.0,62.0,68.0,62.0,58.0,78.0,,,,,,
7gh,120.0,123.0,125.0,126.0,116.0,120.0,123.0,134.0,133.0,118.0,137.0,129.0,131.0,124.0,123.0,132.0,128.0,123.0,125.0,130.0,126.0,134.0,130.0,134.0,123.0,119.0,122.0,125.0,119.0,121.0,119.0,117.0,131.0,111.0,132.0,123.0,122.0,121.0,117.0,119.0,123.0,122.0,121.0,118.0,130.0,135.0,130.0,125.0,125.0,121.0,128.0,120.0,124.0,122.0,118.0,125.0,132.0,123.0,127.0,128.0,136.0,117.0,133.0,130.0,134.0,130.0,129.0,119.0,118.0,122.0,125.0,124.0,139.0,126.0,135.0,118.0,123.0,124.0,130.0,136.0,126.0,129.0,122.0,120.0,133.0,119.0,125.0,127.0,123.0,122.0,121.0,125.0,125.0,120.0,125.0,120.0,129.0,130.0,118.0,124.0,130.0,118.0,129.0,124.0,124.0,125.0,131.0,134.0,125.0,131.0,126.0,125.0,130.0,130.0,122.0,127.0,132.0,123.0,128.0,124.0,128.0,127.0,125.0,133.0,120.0,125.0,136.0,133.0,121.0,130.0,120.0,120.0,126.0,128.0,130.0,128.0,125.0,120.0,129.0,123.0,127.0,121.0,134.0,117.0,126.0,120.0,122.0,119.0,127.0,131.0,127.0,127.0,122.0,133.0,134.0,128.0,128.0,126.0,123.0,125.0,127.0,126.0,124.0,132.0,123.0,131.0,121.0,118.0,118.0,123.0,134.0,124.0,125.0,125.0,123.0,124.0,121.0,123.0,116.0,125.0,136.0,125.0,120.0,121.0,120.0,118.0,130.0,127.0,116.0,124.0,121.0,124.0,118.0,115.0,128.0,122.0,127.0,128.0,129.0,130.0,132.0,124.0,130.0,118.0,122.0,113.0,127.0,117.0,113.0,121.0,123.0,122.0,129.0,119.0,128.0,127.0,128.0,130.0,114.0,116.0,117.0,123.0,120.0,127.0,121.0,131.0,119.0,117.0,123.0,129.0,127.0,116.0,131.0,127.0,129.0,120.0,128.0,122.0,119.0,115.0,126.0,124.0,128.0,115.0,128.0,128.0,125.0,128.0,127.0,125.0,120.0,128.0,126.0,126.0,
7gw,20.0,23.0,23.0,24.0,17.0,23.0,25.0,29.0,26.0,21.0,29.0,25.0,26.0,26.0,32.0,27.0,24.0,28.0,22.0,25.0,26.0,44.0,32.0,28.0,21.0,22.0,25.0,24.0,22.0,22.0,27.0,19.0,29.0,19.0,34.0,22.0,21.0,28.0,20.0,22.0,25.0,25.0,23.0,20.0,35.0,28.0,26.0,28.0,22.0,21.0,26.0,26.0,23.0,21.0,19.0,28.0,26.0,21.0,26.0,24.0,33.0,19.0,32.0,29.0,33.0,32.0,39.0,26.0,19.0,21.0,23.0,29.0,32.0,27.0,40.0,20.0,22.0,22.0,29.0,43.0,26.0,25.0,24.0,20.0,37.0,25.0,21.0,27.0,25.0,21.0,22.0,26.0,26.0,23.0,26.0,28.0,28.0,24.0,24.0,26.0,23.0,21.0,26.0,23.0,25.0,26.0,32.0,33.0,23.0,27.0,33.0,21.0,23.0,27.0,31.0,23.0,25.0,23.0,26.0,21.0,24.0,29.0,26.0,29.0,23.0,23.0,34.0,28.0,22.0,28.0,20.0,23.0,28.0,30.0,32.0,26.0,21.0,22.0,26.0,22.0,27.0,20.0,42.0,20.0,35.0,21.0,28.0,25.0,23.0,33.0,27.0,23.0,27.0,30.0,31.0,27.0,27.0,23.0,21.0,24.0,25.0,28.0,31.0,42.0,23.0,38.0,25.0,21.0,20.0,35.0,36.0,23.0,26.0,23.0,24.0,27.0,23.0,23.0,19.0,26.0,39.0,25.0,25.0,19.5,23.4,24.8,36.8,24.5,19.5,25.5,30.6,24.0,20.5,18.5,25.0,22.5,26.0,25.0,23.5,27.1,27.5,25.0,24.5,18.9,20.0,19.0,25.0,19.0,20.0,23.5,25.5,21.7,28.0,19.8,30.7,24.8,24.9,28.4,19.2,18.0,20.8,23.8,18.0,24.3,29.0,28.1,21.0,22.0,24.6,32.0,26.0,18.8,31.0,25.0,24.8,22.2,24.1,24.5,20.8,24.0,25.8,23.5,25.7,20.5,27.1,35.2,18.7,25.7,24.6,25.0,23.0,26.7,24.1,24.6,
8gh,139.0,130.0,137.0,132.0,134.0,129.0,129.0,130.0,143.0,130.0,125.0,122.0,127.0,135.0,139.0,135.0,132.0,130.0,136.0,134.0,137.0,138.0,128.0,138.0,129.0,136.0,139.0,129.0,132.0,133.0,124.0,143.0,128.0,137.0,130.0,135.0,141.0,133.0,130.0,145.0,132.0,145.0,139.0,126.0,126.0,131.0,142.0,146.0,133.0,119.0,122.0,128.0,128.0,125.0,134.0,129.0,149.0,140.0,131.0,136.0,129.0,125.0,133.0,129.0,131.0,130.0,130.0,124.0,125.0,133.0,140.0,126.0,144.0,135.0,129.0,131.0,119.0,126.0,139.0,125.0,135.0,139.0,134.0,133.0,130.0,127.0,136.0,136.0,122.0,137.0,137.0,132.0,126.0,137.0,129.0,133.0,121.0,135.0,130.0,136.0,125.0,139.0,132.0,139.0,130.0,140.0,132.0,125.0,132.0,126.0,137.0,122.0,131.0,127.0,133.0,140.0,125.0,135.0,128.0,134.0,141.0,132.0,133.0,124.0,123.0,132.0,122.0,120.0,115.0,131.0,137.0,129.0,128.0,136.0,135.0,133.0,134.0,138.0,132.0,128.0,134.0,141.0,138.0,137.0,130.0,133.0,139.0,117.0,124.0,132.0,124.0,128.0,140.0,132.0,138.0,139.0,134.0,128.0,130.0,131.0,134.0,128.0,129.0,128.0,130.0,128.0,129.0,127.0,121.0,132.0,131.0,124.0,132.0,127.0,135.0,122.0,129.0,131.0,133.0,134.0,136.0,125.0,133.0,132.0,131.0,124.0,121.0,130.0,134.0,123.0,130.0,134.0,133.0,123.0,130.0,120.0,125.0,132.0,130.0,128.0,140.0,129.0,127.0,142.0,135.0,128.0,131.0,119.0,126.0,137.0,125.0,138.5,127.5,124.0,132.0,138.0,134.0,124.5,138.5,127.0,130.0,124.0,130.0,119.0,132.0,129.0,137.0,128.0,130.0,122.0,129.0,122.0,134.0,122.5,133.0,126.5,127.0,121.0,131.5,129.5,133.0,125.0,126.0,120.0,119.0,130.0,134.5,129.5,132.0,,,,,,
8gw,30.0,29.0,30.0,24.0,30.0,40.0,37.0,25.0,37.0,28.0,24.0,24.0,22.0,27.0,35.0,27.0,33.0,23.0,28.0,31.0,29.0,33.0,26.0,30.0,27.0,30.0,34.0,24.0,24.0,29.0,32.0,39.0,29.0,29.0,28.0,30.0,33.0,30.0,27.0,41.0,27.0,33.0,26.0,28.0,27.0,28.0,34.0,35.0,28.0,35.0,20.0,28.0,32.0,28.0,25.0,27.0,41.0,31.0,29.0,41.0,26.0,25.0,28.0,24.0,26.0,30.0,33.0,21.3,22.2,47.5,34.2,24.0,35.2,35.6,29.4,27.7,22.1,27.5,34.2,22.8,28.0,29.0,31.0,28.0,28.0,21.0,46.0,35.0,26.0,29.0,42.0,39.0,27.0,39.0,31.0,27.0,24.0,30.0,38.0,38.0,25.0,45.0,32.0,36.0,25.0,48.0,41.0,25.0,36.0,29.0,35.0,21.0,30.0,24.0,31.0,35.0,25.0,37.0,24.0,33.0,35.0,28.0,24.0,28.0,26.0,25.0,22.0,21.0,22.0,28.0,45.0,30.0,28.8,29.4,27.0,29.0,30.0,39.0,24.0,23.0,30.0,28.0,28.0,44.0,26.0,29.0,37.0,22.0,20.0,27.0,23.0,39.0,31.0,27.0,29.0,47.0,31.0,26.0,27.0,27.6,22.0,29.0,25.8,26.0,25.8,29.0,27.7,24.0,23.0,37.0,27.0,29.0,39.0,26.0,25.0,21.0,24.5,28.0,34.0,31.0,33.0,20.0,31.0,29.0,34.0,27.0,25.0,32.0,36.0,26.0,24.0,39.0,32.0,20.0,27.0,21.0,24.0,46.0,27.0,25.0,34.0,29.0,23.0,35.0,33.0,26.0,28.0,21.0,25.0,34.0,23.0,32.7,25.5,26.0,23.1,33.5,39.1,29.8,31.0,28.1,26.6,21.8,24.4,21.0,34.1,32.5,30.5,21.7,24.0,23.1,22.3,28.5,27.3,20.5,28.4,36.4,29.1,21.0,28.8,27.1,28.5,27.0,22.9,18.6,21.1,24.4,40.1,27.1,26.5,,,,,,
9gh,134.0,130.0,147.0,139.0,136.0,140.0,139.0,138.0,144.0,142.0,128.0,135.0,138.0,130.0,132.0,140.0,154.0,137.0,145.0,142.0,145.0,124.0,139.0,136.0,143.0,138.0,143.0,140.0,138.0,136.0,145.0,142.0,138.0,139.0,140.0,141.0,146.0,132.0,142.0,132.0,133.0,138.0,136.0,129.0,145.0,141.0,143.0,140.0,138.0,136.0,141.0,142.0,144.0,142.0,137.0,141.0,138.0,136.0,135.0,137.0,135.0,145.0,132.0,128.0,138.0,143.0,142.0,144.0,146.0,143.0,133.0,145.0,137.0,134.0,130.0,150.0,128.0,134.0,132.0,133.0,148.0,142.0,151.0,135.0,138.0,135.0,132.0,134.0,132.0,129.0,142.0,143.0,130.0,138.0,134.0,137.0,142.0,145.0,133.0,134.0,139.0,133.0,135.0,142.0,133.0,140.0,135.0,142.0,143.0,137.0,141.0,139.0,145.0,136.0,132.0,130.0,129.0,140.0,132.0,125.0,145.0,139.0,133.0,134.0,150.0,136.0,141.0,127.0,128.0,140.0,137.0,136.0,140.0,137.0,135.0,141.0,139.0,138.0,139.0,137.0,135.0,135.0,130.0,138.0,144.0,134.0,145.0,128.0,137.0,138.0,128.0,144.0,138.0,141.0,131.0,131.0,124.0,119.0,123.0,137.0,136.0,139.0,139.0,137.0,132.0,141.5,139.0,130.0,134.0,138.0,136.0,129.0,135.0,137.0,141.0,127.5,133.0,137.0,143.0,133.0,142.0,142.0,141.0,138.0,134.0,139.0,140.0,144.0,132.0,144.0,136.0,141.0,136.0,143.0,139.0,141.0,136.0,145.0,149.0,141.0,135.0,139.0,140.0,157.0,134.0,148.0,128.0,143.0,156.0,139.0,131.0,148.0,142.0,140.0,137.0,144.0,146.0,138.0,135.0,147.0,146.0,138.0,135.0,145.0,140.0,141.0,142.0,145.0,148.0,140.0,145.0,143.0,139.0,153.0,142.0,140.0,144.0,139.0,148.0,142.0,156.0,140.0,141.0,145.0,147.0,139.0,135.0,143.0,146.0,,,,,,
9gw,36.0,34.0,41.0,35.0,30.0,33.0,31.0,40.0,39.0,41.0,23.0,40.0,33.0,27.0,30.0,28.0,42.0,27.0,46.0,34.0,35.0,26.0,32.0,31.0,32.0,26.0,33.0,33.0,39.0,31.0,34.0,35.0,26.0,34.0,33.0,39.0,53.0,24.0,32.0,29.0,28.5,31.0,30.0,26.0,45.0,39.0,35.0,32.0,28.0,33.0,29.0,30.5,41.0,36.0,33.0,35.0,29.0,27.0,28.0,28.0,34.0,55.0,28.0,23.0,34.0,37.0,33.0,34.0,38.0,37.0,29.0,41.0,29.0,25.0,27.0,43.0,23.0,31.0,28.0,31.0,40.0,34.0,48.0,31.0,34.0,32.0,30.0,31.0,28.0,22.0,36.0,37.0,26.0,29.0,27.0,31.0,32.0,35.0,32.0,30.0,47.0,31.0,35.0,54.0,41.0,32.0,25.0,37.0,52.0,26.0,35.0,37.0,42.0,28.0,29.0,25.0,23.0,32.0,28.0,29.0,58.0,47.0,33.0,36.0,48.0,28.0,36.0,34.0,29.0,31.0,32.0,36.0,38.0,26.0,30.0,38.0,50.0,34.0,33.0,35.0,26.0,32.0,29.0,31.0,43.7,34.0,40.0,25.0,30.0,31.0,30.0,33.0,35.0,38.0,30.0,28.0,23.0,24.0,21.0,28.0,29.0,29.0,37.0,38.2,32.5,29.8,29.8,26.8,28.6,36.8,29.2,29.4,27.8,26.6,39.7,27.9,26.6,25.8,38.6,35.1,31.1,32.0,37.0,31.0,32.0,34.0,29.0,41.0,28.0,49.0,29.0,35.0,32.0,35.0,29.0,30.0,33.0,56.0,46.0,39.0,28.0,25.0,36.0,50.0,26.0,38.0,28.5,34.0,35.0,29.0,27.0,51.0,32.0,27.0,33.0,45.0,36.0,29.0,28.5,42.0,34.0,30.0,26.0,45.0,36.0,35.0,29.0,38.0,39.0,33.0,37.0,38.0,30.0,43.0,32.0,31.0,37.0,33.0,35.0,32.0,45.0,31.0,37.0,34.0,42.0,29.0,27.0,31.0,35.0,,,,,,
10gh,142.0,143.0,144.0,126.5,130.5,139.5,139.0,137.0,143.0,133.0,137.0,141.0,138.0,136.0,145.5,152.5,140.0,138.5,150.5,148.5,145.5,143.0,134.0,152.0,138.0,142.0,153.5,143.0,145.0,138.0,137.0,140.0,149.5,135.0,137.0,149.0,129.0,148.0,149.0,153.5,143.5,143.5,129.5,130.0,139.0,147.0,144.0,138.0,148.5,144.0,142.0,138.0,140.0,135.0,129.5,148.5,142.0,141.0,147.0,138.0,141.5,134.0,139.0,143.5,158.0,140.0,140.0,150.0,139.0,142.5,149.0,141.0,140.0,145.0,145.0,136.5,134.0,131.0,146.0,135.0,146.0,147.0,151.0,137.0,158.0,146.0,148.0,161.0,141.0,140.0,129.7,137.0,149.0,142.6,153.0,139.0,133.0,141.0,131.0,146.0,131.0,153.0,135.0,153.0,142.0,140.0,145.0,143.0,141.0,131.0,146.0,131.0,153.0,135.0,153.0,142.0,140.0,145.0,143.0,139.0,144.0,149.0,145.0,143.0,147.0,146.0,149.0,151.0,147.0,139.0,153.0,144.0,141.0,145.0,150.0,148.0,146.0,152.0,146.0,144.0,139.0,146.0,145.0,137.5,139.0,136.0,146.0,132.0,146.0,147.0,151.0,137.0,156.0,142.0,148.0,156.0,141.0,140.0,133.0,137.0,149.0,144.6,151.0,146.0,137.0,142.0,137.0,148.0,131.0,153.0,135.0,153.0,142.0,140.0,145.0,143.0,138.0,145.0,142.0,137.0,136.0,140.0,141.0,148.0,140.0,142.0,135.0,144.0,151.0,140.0,138.0,148.0,147.0,144.0,141.0,134.0,143.0,141.0,145.0,126.0,130.0,142.0,138.0,137.0,142.0,133.0,136.0,141.0,137.0,139.0,142.0,136.0,141.0,133.0,145.0,125.0,140.0,130.0,138.0,141.0,146.0,136.0,139.0,146.0,143.0,140.0,138.0,134.0,142.0,133.0,136.0,141.0,147.0,138.0,136.0,137.0,142.0,144.0,143.0,131.0,135.0,133.0,148.0,136.0,141.0,137.0,144.0,136.0,138.0,139.0,,,,,
10gw,31.2,34.7,34.0,27.5,24.4,29.0,41.2,35.4,46.5,27.5,33.3,30.0,33.0,27.5,29.4,47.5,27.9,43.5,43.7,52.5,34.0,31.4,24.0,38.8,26.3,38.1,42.8,31.5,39.1,28.7,33.9,30.3,33.7,37.0,34.2,50.0,24.8,48.2,41.8,45.0,37.4,37.0,19.5,28.0,34.2,39.0,47.2,29.4,40.0,45.0,45.0,27.9,45.2,34.1,25.3,43.7,32.5,31.8,33.2,32.5,36.0,27.3,29.6,33.7,38.8,28.3,28.6,43.0,27.7,35.0,33.0,40.6,41.0,40.0,39.0,30.0,31.6,30.0,43.5,40.5,40.5,37.0,48.0,30.5,56.5,36.0,42.0,65.0,37.6,31.8,31.0,28.5,42.0,46.3,35.8,32.0,31.0,33.0,34.0,34.9,27.2,43.0,31.0,43.0,55.0,35.0,32.0,41.0,33.0,34.0,34.9,27.2,43.0,31.0,43.0,55.0,35.0,32.0,41.0,34.0,36.0,34.0,34.0,36.0,50.0,36.0,38.0,39.0,42.0,33.0,40.0,32.0,36.0,41.0,43.0,36.0,33.0,35.0,41.0,41.0,37.0,40.0,39.0,31.0,35.0,33.0,49.5,43.5,40.5,37.0,48.0,30.5,60.0,35.0,42.0,61.0,37.6,31.8,31.0,28.5,42.0,41.0,35.8,36.0,31.0,30.0,26.0,43.0,27.2,43.0,31.0,43.0,54.0,35.0,37.0,41.0,33.0,36.0,34.0,33.0,29.0,32.0,35.0,45.0,35.0,36.0,29.0,35.0,40.0,29.0,31.0,42.0,34.0,33.0,32.0,27.0,32.0,34.0,40.0,27.0,26.0,29.0,28.0,33.0,38.0,27.0,33.0,31.0,32.0,36.0,33.0,32.0,37.0,29.0,40.0,24.0,27.0,26.0,36.0,38.0,29.6,32.0,40.0,34.0,36.0,29.5,33.0,27.0,29.0,31.0,30.0,34.0,33.0,28.0,29.0,33.0,31.5,35.0,38.0,27.0,30.0,28.0,29.0,33.0,31.5,32.0,33.0,44.0,34.0,36.0,,,,,
11gh,145.0,138.0,140.0,136.5,164.0,141.5,147.0,151.5,151.0,145.0,133.0,161.0,143.5,132.0,143.0,145.0,143.5,161.0,153.0,151.0,149.0,138.0,139.0,146.5,149.0,152.0,154.0,139.0,156.0,148.0,145.0,149.0,158.0,144.0,137.0,146.0,143.0,145.0,147.0,152.0,165.0,149.0,156.0,156.5,151.0,159.0,160.5,151.5,143.5,148.5,132.0,145.0,157.0,151.0,159.0,151.0,149.0,157.0,139.5,154.0,143.0,159.0,134.0,147.5,144.5,154.0,148.0,148.0,154.0,164.0,137.0,152.0,135.0,139.0,131.0,145.0,135.0,149.0,160.0,160.0,145.0,135.0,139.0,138.0,131.0,157.0,149.0,140.0,143.0,167.0,149.0,136.0,133.0,157.0,140.0,142.0,150.0,143.0,149.0,148.0,145.0,136.0,147.0,143.0,150.0,156.0,138.0,168.0,163.0,152.0,148.0,146.0,134.0,143.0,154.0,141.0,142.0,161.0,156.0,160.0,164.0,146.0,152.0,147.0,155.0,142.0,164.0,154.0,149.0,161.0,149.0,163.0,152.0,141.0,139.0,163.0,159.0,149.0,147.0,161.0,151.0,148.0,152.0,143.0,147.0,153.0,155.0,146.0,139.0,143.0,152.0,144.0,151.0,141.0,163.0,157.0,159.0,156.0,140.0,146.0,145.0,159.0,154.0,161.0,142.0,155.0,154.0,165.0,145.0,155.0,151.0,143.0,157.0,152.0,162.0,158.0,149.0,152.0,149.0,155.0,141.0,151.0,162.0,151.0,140.0,163.0,151.0,148.0,145.0,146.0,139.0,145.0,159.0,147.0,161.0,141.0,148.0,147.0,157.0,160.0,152.0,161.0,157.0,149.0,154.0,140.0,142.0,154.0,161.5,143.0,144.0,154.0,142.0,144.5,155.5,155.0,142.5,142.0,144.0,143.0,146.0,143.0,151.8,136.0,145.0,152.0,141.0,149.0,145.0,137.0,150.5,138.0,145.5,147.5,152.0,140.0,135.5,147.5,143.0,148.0,137.0,147.0,146.5,143.0,141.0,144.0,139.0,,,,,,,,
11gw,52.2,37.0,35.8,33.7,56.5,31.0,42.8,46.2,40.0,48.2,26.0,47.0,41.2,27.5,33.0,34.0,42.2,42.6,43.1,42.2,40.0,35.1,37.0,51.9,42.0,39.5,56.3,30.0,47.4,38.0,37.4,38.5,33.2,37.0,39.0,34.7,32.8,35.4,36.0,46.7,44.8,37.0,36.5,57.0,49.6,44.6,46.0,43.2,34.0,29.0,29.3,30.4,44.1,30.5,48.9,43.0,38.0,57.4,34.2,48.0,33.0,54.0,28.1,54.5,36.3,54.8,32.1,37.3,41.0,49.0,40.0,38.0,51.0,31.0,47.0,52.0,27.0,34.0,59.0,62.0,33.0,30.0,27.0,27.0,28.0,39.0,36.0,41.0,40.0,64.0,46.0,30.0,29.0,44.0,32.0,34.0,38.0,36.0,45.0,39.0,36.0,35.0,41.0,36.0,39.0,43.0,30.0,59.0,52.0,43.0,35.0,32.0,41.0,42.0,34.0,31.0,56.0,53.2,45.0,54.2,48.7,39.5,44.0,39.2,43.8,36.2,52.7,66.0,43.8,52.0,36.4,49.8,43.0,33.9,41.0,46.2,67.0,30.1,38.8,41.0,34.2,29.9,50.2,39.0,38.8,45.0,42.2,39.6,40.5,35.8,44.0,37.8,49.4,34.7,43.2,45.0,44.2,42.5,25.5,50.0,37.0,44.2,45.0,47.8,35.3,40.8,42.8,44.0,37.0,38.2,42.0,32.6,52.2,41.6,48.0,52.0,44.8,43.9,42.0,46.5,34.0,47.8,42.3,49.3,27.0,47.0,34.3,31.0,33.0,60.0,41.0,37.8,47.5,39.0,53.1,29.3,44.9,45.2,48.4,51.0,44.0,50.9,48.0,43.3,49.6,36.5,34.5,45.1,52.5,47.8,32.4,46.8,32.2,49.6,57.2,38.7,29.4,53.8,35.4,29.9,32.3,50.7,45.9,40.1,34.2,36.8,28.1,45.6,38.3,29.3,32.5,30.7,30.8,50.5,49.2,34.1,26.8,48.5,36.9,44.2,32.0,47.1,36.3,38.6,31.8,31.9,27.5,,,,,,,,
12gh,157.0,152.0,158.0,157.0,151.0,160.0,156.0,152.0,164.5,150.0,164.0,160.0,152.5,162.0,162.0,151.0,144.0,144.0,154.0,148.5,141.0,148.0,150.0,152.0,146.5,153.5,150.0,155.0,159.0,146.0,146.0,142.0,162.0,149.0,154.0,168.0,153.5,151.0,159.0,160.0,156.0,163.0,156.0,166.0,145.5,158.0,153.0,154.0,152.0,149.0,152.0,153.5,158.0,160.5,148.0,153.0,149.0,166.5,160.0,151.0,159.0,156.0,144.0,153.5,156.0,164.0,152.0,157.0,157.0,152.0,160.0,161.0,142.0,149.0,153.0,151.0,158.0,154.0,163.0,160.5,164.0,153.0,165.0,148.0,170.0,151.0,148.0,157.0,151.0,144.0,153.0,152.0,161.0,146.0,150.0,158.0,151.0,164.0,159.0,155.0,147.0,152.0,146.0,148.0,150.0,164.0,152.0,147.0,149.0,153.0,151.0,154.0,163.0,159.0,151.0,160.0,151.0,156.0,155.0,153.0,149.0,151.0,162.0,141.0,148.0,152.0,153.0,144.0,146.0,149.0,161.0,151.0,148.0,141.0,155.0,162.0,160.0,151.0,153.0,157.0,150.0,146.0,152.0,154.0,150.0,148.0,154.0,159.0,151.0,137.0,151.0,152.0,144.0,150.0,151.0,159.0,155.0,164.0,147.0,154.0,159.0,147.0,155.0,153.0,155.0,153.0,161.0,156.0,161.0,149.0,144.0,148.0,160.0,152.0,158.0,156.0,150.0,148.0,148.0,150.0,153.0,146.5,153.5,150.0,154.0,159.0,146.0,146.0,147.0,161.0,149.0,154.0,153.0,152.0,154.0,157.0,161.0,164.5,163.0,160.5,160.0,153.0,147.0,147.0,152.0,158.0,160.0,159.5,158.0,165.0,144.0,148.5,151.0,147.5,149.5,152.0,151.0,147.5,156.0,143.5,147.5,157.0,143.5,136.0,162.0,150.0,147.0,152.5,155.0,154.0,161.0,147.0,155.0,154.0,162.0,145.0,151.0,150.0,151.0,,,,,,,,,,,,,,,,
12gw,43.0,38.7,46.2,44.0,40.2,52.0,48.7,39.6,50.1,38.0,45.7,51.6,64.7,50.5,67.7,42.7,54.8,38.8,40.5,48.5,28.1,40.3,37.5,45.1,43.3,44.5,38.0,44.6,45.0,36.4,34.0,42.2,49.0,36.0,44.0,54.3,44.6,36.0,40.0,42.6,58.2,53.2,46.2,43.8,39.0,47.0,42.5,41.0,44.0,40.0,40.6,43.2,43.5,53.6,32.3,40.8,59.0,60.9,51.7,46.6,56.6,43.5,44.0,39.0,47.7,52.0,50.0,47.0,42.0,41.0,50.0,52.0,44.0,48.0,38.0,47.0,46.0,52.0,46.0,51.0,60.0,40.0,48.5,39.0,59.0,42.0,49.0,64.0,42.0,31.0,47.5,44.4,41.0,58.0,37.0,47.6,45.0,51.0,41.5,60.3,40.5,45.5,39.8,43.0,46.0,46.0,38.0,42.0,40.6,39.0,55.0,45.0,65.0,54.0,44.0,47.0,43.5,43.8,37.0,49.0,40.0,44.0,49.0,33.0,38.0,43.0,57.0,36.0,42.0,45.0,48.0,42.0,37.0,49.0,48.0,46.0,52.0,41.0,39.0,56.0,44.0,40.0,58.0,60.0,58.0,43.0,44.0,68.0,52.0,46.0,45.0,54.0,58.0,44.0,39.0,57.0,47.0,51.0,40.0,40.0,40.0,33.0,44.0,49.0,42.0,46.0,49.0,45.0,47.0,42.0,31.0,33.0,58.0,41.0,45.0,43.0,38.0,40.0,40.8,38.0,45.1,43.3,44.5,38.0,45.0,45.0,36.4,34.0,43.0,49.0,36.5,44.8,42.8,35.8,52.2,57.7,57.1,56.0,43.6,43.7,63.7,42.6,37.2,37.7,38.0,46.7,68.2,45.4,41.8,50.9,33.2,45.7,35.6,38.6,52.7,33.3,40.5,47.4,51.8,30.5,39.8,50.1,35.8,33.9,71.0,43.8,31.5,36.7,55.0,30.5,47.0,53.0,54.3,37.5,47.0,48.0,49.0,41.0,44.0,,,,,,,,,,,,,,,,
13gh,162.0,162.0,162.5,166.0,166.0,164.0,161.5,155.0,159.0,164.0,152.0,165.0,158.0,156.0,159.0,159.0,163.5,152.0,156.5,162.0,162.0,169.5,173.0,155.0,165.5,157.5,159.0,166.5,155.0,159.0,158.0,162.0,163.0,157.0,164.0,165.0,151.0,159.0,155.0,153.0,166.0,161.0,164.0,160.5,164.5,161.0,165.0,155.0,159.5,158.0,157.0,152.0,168.0,157.5,161.0,153.0,152.0,166.0,146.0,164.0,158.0,153.0,156.0,156.0,145.0,158.0,163.5,152.0,153.0,160.0,158.0,163.0,150.0,165.0,157.0,160.0,168.0,160.0,162.0,156.0,162.0,155.0,162.0,159.0,148.0,159.0,153.0,168.0,153.0,167.0,157.0,171.0,165.0,152.0,150.0,160.0,161.0,164.0,159.0,152.0,150.0,154.0,163.0,158.0,156.0,161.0,158.0,159.5,163.0,157.0,158.0,159.0,163.0,154.0,163.0,169.0,162.0,166.0,157.0,167.0,160.0,155.0,160.0,166.0,162.0,155.0,168.0,167.0,152.0,161.0,158.0,164.0,167.0,157.0,156.0,164.0,155.0,161.0,155.0,153.0,166.0,154.0,165.0,159.0,158.0,163.0,155.0,151.0,161.0,158.0,163.5,162.5,156.0,163.0,159.0,152.0,161.0,159.0,156.0,158.0,164.0,153.0,157.0,156.0,164.0,152.0,165.0,150.0,151.0,149.0,160.0,155.0,171.0,164.0,155.0,149.0,151.0,158.0,150.0,160.0,163.0,160.0,163.0,159.0,151.0,163.0,162.0,159.0,162.0,151.0,162.0,160.0,160.0,158.0,143.0,154.0,167.0,152.0,166.0,159.0,159.0,164.0,164.0,158.0,160.0,151.0,154.0,154.0,157.0,161.0,156.0,157.0,155.0,166.0,167.0,153.0,161.0,154.0,140.0,152.0,153.0,170.5,165.5,159.0,159.5,156.5,154.5,158.5,153.5,163.0,153.0,150.5,153.0,160.0,161.0,149.5,147.5,142.5,156.0,163.0,164.0,141.5,149.0,167.0,162.0,166.0,163.5,152.0,157.5,151.0,153.0,,,,
13gw,56.0,76.0,48.1,70.9,58.4,57.9,46.7,49.2,40.5,68.5,44.5,49.5,42.6,43.2,60.8,50.1,55.5,47.3,57.7,74.0,50.7,51.6,72.1,58.2,60.3,40.2,48.7,52.5,56.2,55.4,54.2,74.1,51.0,49.4,38.1,49.0,42.7,55.6,46.0,46.1,50.0,45.0,52.5,48.0,47.0,46.0,61.0,43.0,53.6,51.4,56.5,40.6,47.8,67.9,58.4,44.0,44.7,62.7,32.0,61.0,47.0,49.0,44.0,49.0,45.0,77.0,72.0,42.0,61.0,57.0,48.5,66.0,45.0,60.0,48.0,50.5,59.5,54.0,57.0,47.0,44.0,49.0,68.0,49.5,65.0,54.0,49.0,54.0,53.0,60.0,48.0,58.0,51.0,45.0,43.0,47.0,52.0,70.0,52.0,41.0,48.0,49.0,71.0,51.0,49.0,51.7,49.0,54.0,62.0,48.0,51.0,49.6,49.0,53.7,55.0,54.0,51.0,45.0,49.0,57.8,49.6,61.0,49.0,56.0,48.0,45.0,57.0,55.8,43.0,57.0,47.0,55.0,53.0,49.6,48.2,54.0,44.5,54.0,47.0,45.6,52.0,38.0,56.0,53.5,49.0,55.6,46.0,37.0,48.5,51.0,49.0,57.0,44.0,51.0,47.6,38.0,49.0,50.5,48.0,64.3,52.0,34.0,51.0,49.7,44.7,40.0,65.0,34.0,56.0,44.6,67.0,46.0,65.0,46.0,45.0,37.0,60.0,61.0,38.0,41.0,60.0,50.0,53.0,51.0,54.0,49.0,63.0,53.0,54.0,39.0,54.0,49.0,50.0,56.0,48.0,49.0,57.0,44.4,51.8,54.4,46.0,62.0,66.8,56.0,66.0,52.0,42.0,48.0,51.0,49.0,53.0,50.0,44.0,44.0,41.0,52.0,49.0,52.0,47.0,49.0,44.1,72.5,55.6,52.3,59.1,46.5,45.9,40.8,46.4,52.2,37.3,41.1,41.3,51.4,54.6,37.8,37.3,35.3,43.9,49.8,63.5,41.7,39.6,60.2,45.0,52.9,54.2,44.0,40.4,43.0,62.3,,,,
14gh,160.0,144.0,171.0,178.0,165.0,171.0,158.0,160.0,176.0,179.0,169.0,160.0,164.0,170.0,158.0,161.0,167.0,162.0,180.0,155.0,158.0,163.0,161.0,170.0,171.0,163.0,163.0,161.0,162.0,159.0,162.0,157.0,155.0,156.0,171.0,154.0,161.0,172.5,161.5,154.0,146.0,161.0,167.5,166.5,167.5,167.0,158.0,170.0,158.0,158.0,151.0,162.5,159.0,161.0,170.0,158.0,167.5,152.0,158.0,158.0,163.0,156.0,164.0,157.0,163.5,162.0,164.5,160.0,162.0,155.0,165.5,159.5,162.0,164.5,165.5,163.0,153.5,156.5,161.0,165.5,160.5,164.0,156.0,157.0,158.0,161.5,159.0,152.0,166.0,163.0,160.0,165.8,160.0,156.0,163.0,168.0,161.0,162.0,152.0,174.0,166.0,161.0,170.0,163.0,161.0,169.0,169.0,164.0,171.0,169.0,156.0,162.0,171.0,162.0,162.0,160.0,162.0,157.0,163.0,164.0,157.0,172.0,155.0,165.0,172.0,173.0,171.0,151.0,160.0,170.0,174.0,167.0,154.0,160.0,157.0,158.0,157.0,162.0,161.0,172.0,149.0,164.0,161.0,162.0,156.0,167.0,162.0,155.0,155.0,171.0,161.0,169.0,150.0,161.0,165.0,172.0,162.0,163.0,164.0,151.0,161.0,150.0,167.0,159.0,165.0,153.0,154.0,161.0,163.0,157.0,166.0,158.0,159.0,156.0,171.0,160.0,151.0,159.0,165.0,170.0,166.0,153.0,152.0,162.0,161.0,158.0,162.0,154.0,164.0,160.0,170.0,159.0,165.0,166.0,164.0,166.0,161.0,157.0,162.0,165.0,155.0,158.0,162.0,161.0,165.0,163.0,176.0,164.0,158.0,166.5,173.0,172.5,157.0,152.5,166.5,166.0,154.0,167.0,162.0,156.5,160.0,159.0,168.0,157.0,162.0,158.0,154.0,165.5,156.5,158.0,153.0,166.5,167.5,161.0,166.5,163.0,156.0,153.0,158.0,167.0,162.5,165.0,167.0,,,,,,,,,,,,
14gw,43.0,46.0,48.0,68.0,62.0,51.0,41.0,55.0,54.0,56.0,70.0,53.0,74.0,57.0,61.0,62.0,58.0,48.0,75.0,48.0,50.0,43.0,44.0,45.0,70.7,51.5,47.6,47.0,50.6,50.8,63.6,48.0,45.0,58.1,70.5,46.2,58.7,54.2,46.6,43.0,42.0,49.0,67.1,61.2,60.1,63.5,53.8,70.1,57.3,41.4,46.4,48.1,46.7,46.2,61.3,70.5,54.6,43.5,46.7,39.5,49.7,39.0,46.3,69.6,40.4,48.0,57.5,61.1,46.3,46.0,57.5,53.8,46.5,51.4,53.0,56.0,66.6,54.3,52.0,51.8,48.0,43.6,50.0,47.0,41.0,67.0,58.4,43.0,52.2,49.5,50.0,52.5,70.0,50.0,50.0,48.0,48.0,70.0,58.0,70.0,51.0,51.0,58.0,55.0,51.0,51.0,51.0,61.0,78.0,63.5,44.0,52.0,53.0,48.0,48.0,50.0,77.0,44.5,51.0,59.0,52.0,59.0,44.0,63.0,47.0,62.0,59.0,57.0,58.0,52.0,61.0,53.0,52.0,51.0,56.0,59.0,55.0,45.0,63.5,74.0,51.0,66.0,52.0,49.0,75.0,59.0,46.0,52.0,46.0,54.0,44.0,67.0,54.0,45.0,55.0,76.0,39.0,75.0,44.0,39.0,66.0,40.0,55.0,57.0,73.0,62.0,54.0,44.0,49.0,52.5,67.0,54.0,56.0,52.2,62.8,56.0,53.0,50.0,51.0,67.0,48.0,44.0,58.0,59.0,48.6,54.0,53.0,43.8,52.4,53.0,74.9,49.4,47.0,61.0,50.0,47.7,44.6,68.0,48.0,58.0,48.0,50.0,53.0,44.0,54.0,60.0,52.0,49.0,51.0,52.5,62.6,53.4,46.3,43.5,63.6,50.1,62.9,79.0,51.0,52.9,70.9,50.9,60.9,54.5,51.5,47.1,49.8,56.9,61.4,49.2,41.1,56.6,51.2,47.1,58.6,47.3,51.6,40.1,47.7,63.6,58.6,51.2,56.0,,,,,,,,,,,,
15gh,174.0,171.0,173.0,169.0,171.0,158.0,160.0,162.0,166.0,152.0,166.0,172.0,168.0,159.0,166.0,161.0,162.0,159.0,159.0,161.5,173.0,157.5,159.5,149.0,172.0,157.0,168.5,176.5,168.0,170.0,169.0,167.0,156.0,159.0,160.0,163.0,169.0,164.0,151.0,152.0,164.0,165.5,165.5,156.0,163.0,163.0,159.0,156.0,166.5,161.0,159.0,173.0,162.0,160.0,161.0,172.0,155.0,156.0,164.5,158.5,171.0,162.0,159.0,166.0,167.0,161.0,158.0,179.0,166.0,154.5,168.5,153.5,160.5,155.0,160.0,162.0,161.0,166.5,163.0,155.5,156.0,168.0,169.0,155.0,154.0,153.0,159.0,161.0,158.0,163.0,177.0,168.0,161.0,170.0,170.0,156.0,156.0,155.0,159.0,160.0,169.0,167.0,164.0,161.0,158.0,163.0,160.0,168.0,170.0,160.0,164.0,164.0,156.0,159.0,158.0,175.0,159.0,160.0,164.0,170.0,175.0,173.0,158.0,164.0,158.0,156.0,160.0,168.0,157.0,155.0,163.0,155.0,166.0,161.0,160.0,172.0,171.0,159.0,157.0,162.0,158.0,159.0,167.0,165.0,165.0,165.5,154.0,159.5,170.5,160.0,166.5,159.0,166.0,166.0,163.0,162.0,154.5,168.0,158.0,154.0,166.0,155.0,168.5,164.0,160.0,163.5,156.0,161.5,168.5,161.0,163.0,158.0,165.0,173.0,161.0,157.0,161.0,159.0,163.0,171.0,161.0,170.0,168.0,170.0,167.0,163.0,158.0,173.0,160.0,161.0,165.5,161.0,173.0,167.0,168.0,172.0,170.0,165.0,174.0,161.0,163.0,168.0,159.0,162.0,158.0,167.0,163.0,172.0,164.0,156.0,166.0,158.0,170.0,163.0,157.0,173.0,165.0,161.0,162.0,169.0,167.0,160.0,164.0,168.0,160.0,171.0,167.0,175.0,160.0,157.0,167.0,164.5,163.5,161.5,157.0,158.0,165.0,156.0,158.0,165.0,163.5,156.0,169.0,161.0,,,,,,,,,,,
15gw,66.0,78.0,63.0,54.0,64.0,49.0,60.0,55.0,53.0,55.0,55.0,68.0,59.0,62.0,53.0,44.0,48.6,60.3,49.6,49.2,60.03,46.5,40.5,45.5,71.2,51.6,55.3,49.7,48.7,59.7,59.1,60.3,46.0,52.4,53.7,55.0,59.8,58.4,41.2,43.4,55.1,67.6,57.3,55.5,48.2,47.2,47.2,53.3,57.6,50.3,52.3,56.3,57.2,60.1,48.0,65.0,43.1,51.5,58.6,56.5,62.2,51.0,55.6,55.4,54.0,59.0,43.8,75.4,58.4,56.4,50.5,42.5,41.8,48.6,61.0,43.4,54.9,66.4,57.0,46.0,47.5,53.0,52.5,48.0,45.0,64.0,54.5,58.2,53.3,52.0,69.1,54.0,59.0,83.0,57.0,54.0,44.3,51.0,46.0,58.0,66.5,61.0,66.0,47.5,61.0,49.3,59.0,48.0,61.0,56.0,46.6,68.0,51.0,52.5,56.5,70.0,52.5,60.0,50.0,67.0,68.0,65.0,45.2,59.0,55.0,49.0,53.4,57.5,48.4,44.0,65.0,45.7,63.7,43.8,56.2,87.0,65.0,59.5,51.4,60.0,50.1,46.0,49.8,56.4,66.0,54.5,39.7,52.2,55.5,49.9,59.6,51.5,49.8,58.6,51.1,51.5,58.5,68.3,40.2,49.1,66.7,40.3,48.3,53.1,56.9,50.4,61.8,57.4,59.0,47.0,43.4,43.5,70.9,59.3,54.6,46.6,52.5,61.0,54.0,60.0,53.0,58.0,60.0,59.0,53.0,59.0,46.0,58.0,58.0,57.0,54.5,50.0,70.0,54.0,59.0,61.0,64.5,56.0,59.0,52.0,73.0,61.0,55.0,53.5,49.0,58.0,60.0,56.0,58.0,52.0,59.0,50.0,65.0,57.0,49.0,54.0,57.0,51.0,54.0,62.2,69.0,59.6,60.0,51.3,50.4,61.0,56.0,59.4,57.0,45.0,57.0,56.0,56.6,56.7,56.4,46.3,60.0,47.4,71.0,78.0,56.0,52.0,55.0,58.0,,,,,,,,,,,
16gh,177.0,157.0,165.0,152.0,166.0,181.0,155.0,168.0,178.0,160.0,155.0,166.0,167.0,158.0,159.0,168.0,166.0,164.0,169.0,169.0,167.0,173.0,168.0,154.0,166.0,156.0,161.0,155.0,173.0,172.0,173.0,161.0,165.0,172.0,167.0,173.0,166.0,170.0,168.0,162.0,171.0,154.0,157.0,161.0,159.0,164.0,162.0,156.0,169.0,171.0,155.0,167.0,170.0,163.0,172.0,173.0,161.0,172.0,164.0,156.0,173.0,167.0,171.0,165.0,169.0,165.0,160.0,158.0,170.0,167.0,170.0,168.0,166.0,178.5,166.0,164.5,171.5,168.5,171.5,167.5,166.0,163.5,168.0,163.0,167.0,174.5,168.5,158.0,171.0,160.0,148.0,164.5,167.5,173.0,160.0,170.0,166.5,167.0,162.0,159.0,170.0,168.5,159.0,173.0,169.0,173.0,156.0,160.0,157.0,152.0,167.5,165.0,172.0,159.0,170.0,167.0,164.0,162.0,155.0,157.0,164.0,160.0,157.0,165.0,166.0,171.0,170.0,164.0,156.0,164.0,168.0,160.0,168.0,158.0,165.0,164.0,154.0,150.0,151.0,162.0,173.0,152.0,164.0,166.0,149.0,165.0,167.0,158.0,165.0,167.0,162.0,161.0,164.0,158.0,163.0,165.0,159.0,164.0,174.0,160.0,169.0,164.0,161.0,164.0,158.0,165.0,175.0,162.0,176.0,158.0,171.0,167.0,165.0,160.0,170.0,164.0,165.0,159.0,160.0,160.0,163.0,168.0,153.0,160.0,165.0,167.0,167.0,170.0,167.0,170.0,165.0,172.0,154.0,166.0,162.0,172.0,167.0,176.0,165.0,158.0,165.5,155.0,174.0,161.0,160.0,166.0,167.0,155.0,157.0,168.0,162.0,158.0,174.0,172.0,157.0,175.0,161.0,168.0,160.0,166.0,173.0,166.0,170.0,168.0,163.0,159.0,160.0,162.0,168.0,161.0,172.0,164.0,166.0,157.0,164.0,167.0,171.0,158.0,161.0,159.0,171.0,165.0,163.0,168.0,,,,,,,,,,,
16gw,63.0,50.0,53.0,39.0,54.0,73.0,53.0,48.0,62.0,51.0,51.0,76.0,61.0,49.0,51.0,62.0,53.0,57.0,59.0,51.0,50.0,59.0,66.0,62.0,49.0,45.0,59.0,47.0,78.0,60.0,55.0,48.0,62.0,60.0,56.8,60.0,51.0,54.0,61.7,52.0,63.0,47.0,53.0,49.0,53.0,54.0,52.0,46.0,67.0,58.0,45.0,54.0,61.0,54.0,55.0,57.5,59.0,64.0,48.0,48.0,68.0,55.0,57.6,52.0,68.0,75.0,58.0,56.0,68.0,59.0,65.0,64.0,59.0,73.2,52.8,50.8,57.2,56.1,66.1,66.8,64.2,65.2,64.0,59.2,52.0,62.6,54.2,49.8,67.6,57.4,44.8,62.0,57.9,64.0,45.7,59.0,50.1,68.5,65.0,49.3,54.8,53.2,72.0,49.0,63.5,58.0,44.5,54.0,50.3,52.8,55.0,58.0,81.0,52.0,55.7,52.0,50.0,60.0,48.0,49.0,53.0,58.0,50.0,49.0,50.0,59.0,57.0,52.0,47.0,56.0,78.0,54.0,67.0,55.0,56.0,48.0,49.0,49.0,41.0,48.0,56.0,45.0,53.0,58.0,46.0,51.0,58.0,57.0,55.0,59.0,52.0,50.0,47.0,48.0,58.0,58.0,53.0,57.0,68.0,60.0,56.8,50.0,47.5,56.0,57.3,53.0,58.0,53.0,60.0,50.0,78.0,61.0,50.0,45.0,71.0,54.0,58.3,43.0,70.0,46.0,55.0,63.0,48.0,62.0,52.0,70.0,63.0,62.0,56.0,61.0,58.0,61.0,48.0,53.0,60.0,70.0,56.0,66.0,49.0,55.0,60.0,48.0,73.0,50.0,48.0,53.0,63.0,69.0,55.0,61.0,57.0,45.0,67.0,61.0,55.0,62.0,45.0,63.0,49.0,65.0,72.0,60.0,56.0,57.0,48.0,53.0,50.0,53.0,57.0,47.0,51.0,49.0,56.0,49.0,53.0,58.0,64.0,56.0,55.0,42.0,60.0,57.0,58.0,58.0,,,,,,,,,,,
17gh,159.0,172.0,163.0,165.0,166.0,157.0,162.0,160.0,164.0,168.0,165.0,163.0,156.0,161.0,164.0,172.0,174.0,167.0,168.0,165.0,172.0,160.0,162.0,174.0,159.0,163.0,162.0,173.0,165.0,157.0,163.0,164.0,164.0,170.0,158.0,174.0,162.0,160.0,160.0,173.0,174.0,169.0,161.0,177.0,156.0,170.0,165.0,173.0,175.0,168.0,168.0,152.0,166.0,165.0,164.0,170.0,164.0,158.0,159.0,168.0,166.0,164.0,169.0,169.0,180.0,167.0,173.0,168.0,154.0,166.0,156.0,161.0,155.0,173.0,172.0,164.0,165.0,170.0,163.0,165.0,177.0,163.0,164.0,172.0,179.0,174.0,167.0,162.0,161.0,169.0,166.0,168.0,156.0,162.0,171.0,156.0,168.9,163.0,164.0,175.0,168.0,167.0,160.0,161.0,167.0,169.0,167.0,173.0,167.0,170.0,165.0,172.0,155.0,166.0,162.0,172.0,167.0,176.0,165.0,168.0,171.0,165.5,155.0,174.0,161.0,160.0,166.0,167.0,171.0,157.0,168.0,162.0,158.0,174.0,172.0,157.0,175.0,161.0,168.0,160.0,166.0,173.0,166.0,170.0,168.0,168.0,154.0,156.0,166.0,168.0,158.0,166.0,157.0,171.0,165.0,164.0,172.0,155.0,166.0,171.0,162.0,149.0,165.0,164.0,158.0,174.0,170.0,163.5,157.0,167.0,188.0,158.0,168.0,174.0,148.0,172.0,164.0,165.0,153.0,162.0,168.0,160.0,169.0,165.0,162.0,164.5,175.0,173.0,162.0,161.0,162.0,160.0,160.0,172.0,166.0,163.0,162.0,157.0,166.0,167.8,167.0,171.0,163.0,156.0,162.0,157.0,163.0,170.0,157.0,169.0,172.0,168.0,164.0,164.0,158.0,156.0,160.0,180.0,160.0,156.0,179.0,160.0,158.0,165.0,173.0,162.0,162.0,165.0,171.0,160.0,174.0,160.0,156.0,160.0,161.0,161.5,161.0,172.0,166.5,165.0,159.0,172.5,159.0,155.5,177.0,159.0,151.0,168.5,167.5,160.0,172.5,,,,
17gw,47.0,57.0,52.0,59.0,54.0,48.0,52.0,51.0,46.0,62.0,55.0,50.0,48.0,48.5,56.0,61.0,60.0,59.0,51.0,56.0,77.0,55.0,58.0,75.0,41.0,68.0,50.0,60.0,53.0,47.0,56.0,53.0,49.0,56.0,46.0,61.0,48.0,53.0,51.0,78.0,89.0,59.0,50.0,80.0,62.0,66.0,55.0,59.0,60.0,73.0,59.0,46.0,56.0,53.0,52.0,90.0,51.0,49.0,51.0,62.0,53.0,57.0,59.0,51.0,90.0,50.0,59.0,66.0,62.0,49.0,45.0,59.0,47.0,78.0,60.0,48.0,63.0,62.0,59.0,57.0,64.0,54.0,45.0,59.0,72.0,57.0,49.0,54.0,60.0,64.3,60.6,49.1,45.8,57.0,57.1,46.0,52.7,62.1,56.6,62.0,64.0,65.0,62.0,45.0,70.0,87.0,63.0,70.0,56.0,61.0,58.0,61.0,50.0,53.0,60.0,70.0,56.0,66.0,49.0,76.0,91.0,60.0,48.0,73.0,50.0,48.0,53.0,63.0,69.0,55.0,61.0,57.0,45.0,67.0,61.0,55.0,62.0,45.0,63.0,49.0,65.0,72.0,60.0,56.0,57.0,67.0,53.0,50.0,53.0,57.0,59.0,57.0,45.0,70.0,62.0,56.0,58.0,47.0,61.0,66.0,68.0,47.0,64.0,61.0,49.0,59.0,59.0,51.5,46.5,54.0,72.0,52.0,60.0,63.0,44.0,54.0,57.0,58.0,42.0,51.0,50.5,53.0,49.0,60.0,47.0,49.0,68.0,71.0,53.0,56.0,52.0,49.0,52.0,65.0,61.0,53.0,74.0,46.0,61.0,53.0,59.0,55.2,57.5,45.8,54.0,46.0,61.5,57.0,47.5,62.6,59.0,64.0,53.0,49.0,46.0,52.0,62.0,75.6,57.0,52.0,80.0,51.0,55.0,62.0,57.0,55.0,59.0,62.0,68.0,51.0,61.0,51.0,52.0,48.4,46.1,50.5,48.3,57.7,64.9,54.9,59.8,56.3,79.2,55.4,75.4,58.9,53.7,66.0,61.8,59.4,54.9,,,,
