,0,1,2,3,4,5,6,7,8,9,10,11,12,13,14,15,16,17,18,19,20,21,22,23,24,25,26,27,28,29,30,31,32,33,34,35,36,37,38,39,40,41,42,43,44,45,46,47,48,49,50,51,52,53,54,55,56,57,58,59,60,61,62,63,64,65,66,67,68,69,70,71,72,73,74,75,76,77,78,79,80,81,82,83,84,85,86,87,88,89,90,91,92,93,94,95,96,97,98,99,100,101,102,103,104,105,106,107,108,109,110,111,112,113,114,115,116,117,118,119,120,121,122,123,124,125,126,127,128,129,130,131,132,133,134,135,136,137,138,139,140,141,142,143,144,145,146,147,148,149,150,151,152,153,154,155,156,157,158,159,160,161,162,163,164,165,166,167,168,169,170,171,172,173,174,175,176,177,178,179,180,181,182,183,184,185,186,187,188,189,190,191,192,193,194,195,196,197,198,199,200,201,202,203,204,205,206,207,208,209,210,211,212,213,214,215,216,217,218,219,220,221,222,223,224,225,226,227,228,229,230,231,232,233,234,235,236,237,238,239,240,241,242,243,244,245,246,247,248,249
7bh,132.0,133.0,123.5,117.5,125.0,127.0,118.0,128.0,119.0,117.0,118.0,126.0,128.0,124.0,117.0,120.0,118.0,130.0,129.0,112.0,130.0,124.0,120.0,121.0,121.0,120.0,123.0,123.0,130.0,117.0,120.0,119.0,132.0,120.0,117.0,123.0,121.0,120.0,126.0,133.0,131.0,131.0,112.0,140.0,119.0,123.0,132.0,120.0,112.5,115.0,125.5,120.0,121.8,114.0,127.0,114.0,119.0,120.0,117.0,124.0,127.0,133.5,126.0,112.0,158.0,158.0,126.0,111.0,113.0,127.0,113.0,112.0,126.0,119.0,122.0,118.0,128.0,120.6,123.0,124.0,124.0,121.0,117.6,126.0,115.0,125.7,129.0,132.0,115.0,125.5,132.0,121.0,127.5,119.5,126.5,117.0,126.0,132.5,118.0,125.5,135.5,130.5,124.0,123.0,127.0,128.0,116.0,125.0,120.0,117.0,131.0,130.0,119.0,134.0,130.5,123.5,122.0,122.0,119.0,119.0,118.0,111.0,126.0,112.0,112.0,129.0,115.0,120.0,117.0,130.0,120.5,109.0,126.5,129.5,129.0,115.0,120.0,121.0,118.0,118.0,118.5,115.0,112.0,128.0,117.0,113.0,127.0,123.0,110.0,126.0,123.0,116.0,117.0,118.0,123.0,132.0,125.0,127.0,120.0,125.0,127.0,127.0,114.0,110.0,122.0,123.0,127.0,125.0,119.0,118.0,120.0,116.0,124.0,137.0,119.0,127.0,118.0,126.0,135.0,129.0,139.0,129.0,128.0,119.0,127.0,121.0,115.0,127.0,134.0,126.0,126.0,124.0,122.0,122.0,129.0,125.0,125.0,128.0,128.0,125.0,118.0,126.0,118.0,120.0,124.0,124.0,122.0,123.0,119.0,129.0,122.0,123.0,122.0,125.0,129.0,128.0,121.0,127.0,120.0,119.0,120.0,120.6,132.0,123.5,120.0,125.0,116.5,114.0,120.0,122.0,112.0,119.0,125.0,130.0,118.0,120.0,126.0,122.5,124.0,114.0,114.0,119.5,118.0,117.5,162.0,112.5,113.0,111.0,124.0,
7bw,32.7,27.0,26.0,23.4,25.5,38.0,22.4,24.0,28.0,23.3,22.0,33.0,24.0,22.0,21.0,21.0,22.1,32.0,35.0,19.0,22.0,20.0,23.0,25.0,22.45,23.0,27.0,20.7,31.75,25.8,24.25,23.25,26.6,24.0,21.0,26.45,22.0,21.6,25.0,45.45,22.3,24.0,19.0,30.0,21.0,23.0,29.0,22.0,21.0,19.4,25.8,26.0,19.9,19.0,24.7,17.4,21.0,20.0,20.0,23.0,22.5,28.0,25.7,12.3,70.1,70.1,23.0,18.0,19.0,28.0,19.6,18.0,23.0,22.0,21.0,19.9,33.0,25.0,23.0,27.6,31.0,23.0,21.4,33.5,19.4,34.0,27.9,39.7,20.0,36.0,25.5,28.7,36.3,20.4,24.0,21.7,28.0,28.0,33.7,44.1,35.0,37.5,24.3,26.5,26.0,26.0,23.0,27.0,26.0,20.5,31.6,27.8,22.1,32.5,35.5,22.9,25.0,22.0,27.7,20.0,18.5,18.0,25.0,18.0,22.0,33.0,19.0,26.0,21.0,22.0,19.2,19.0,34.0,30.0,25.0,20.0,28.5,25.2,23.5,22.0,21.2,20.0,17.3,47.0,19.0,18.0,23.0,31.0,20.0,22.0,30.0,19.0,20.0,20.0,21.0,36.0,25.0,27.0,24.0,22.0,26.0,26.0,18.0,20.0,29.0,36.0,24.0,24.0,29.0,23.0,21.0,23.0,28.0,33.0,25.0,27.0,22.0,31.0,39.0,26.0,37.0,26.0,24.0,23.0,27.0,23.0,20.0,23.0,37.0,25.0,31.0,32.0,29.0,29.0,23.0,30.0,27.0,33.0,26.0,27.0,29.0,25.0,22.0,26.0,22.0,30.0,22.0,23.0,29.0,31.0,32.0,26.0,26.0,33.0,24.0,28.0,25.0,31.0,26.0,25.0,24.4,22.0,21.0,24.3,25.0,26.0,20.0,20.0,27.0,23.0,17.5,21.7,23.0,22.7,23.2,22.0,30.0,20.0,23.8,20.0,22.0,20.0,18.2,20.0,50.5,21.0,19.45,17.6,27.5,
8bh,137.0,142.0,132.0,135.0,117.0,134.0,133.0,126.0,136.5,122.0,138.5,124.0,126.0,142.0,127.0,139.0,130.0,131.0,134.0,123.7,129.5,130.0,125.0,130.5,122.0,122.0,135.0,120.0,122.5,126.0,130.0,120.0,121.0,125.0,121.0,127.0,136.0,119.0,117.0,124.0,126.0,120.0,127.0,123.0,132.0,127.0,130.0,123.0,123.4,119.0,123.0,126.5,121.0,128.0,124.0,133.4,124.0,124.0,120.0,125.3,127.0,129.0,118.0,125.0,124.0,123.0,125.0,128.0,130.0,128.0,121.0,135.0,118.0,128.5,127.0,121.5,127.0,118.0,136.0,121.0,128.0,130.0,129.0,126.0,124.0,124.0,125.0,118.0,143.0,132.5,123.0,123.0,124.0,120.0,127.0,123.0,132.0,127.0,130.0,128.0,126.0,120.0,128.0,137.0,124.0,111.0,110.0,124.5,133.0,130.0,132.0,115.0,115.0,130.0,109.0,125.0,116.0,120.0,118.0,112.0,110.0,130.0,133.0,138.0,132.0,128.5,127.0,125.0,128.0,132.5,133.0,123.0,125.0,123.0,121.0,127.0,126.5,128.0,124.0,124.0,124.0,115.0,120.0,118.0,123.0,128.0,111.0,124.0,124.0,126.0,137.0,134.0,141.0,124.0,124.0,116.0,130.0,128.0,128.0,134.0,134.0,130.0,132.0,134.0,130.0,122.0,130.0,127.0,127.0,126.0,115.0,131.0,120.0,126.0,128.0,124.0,119.0,129.0,125.0,137.0,130.0,133.0,134.0,134.0,132.0,135.0,123.0,125.0,126.0,124.0,135.0,124.0,130.0,135.0,136.0,130.0,123.0,130.0,130.0,125.0,123.0,130.0,135.0,130.0,140.0,126.0,128.0,125.0,123.0,130.0,138.0,139.0,138.0,140.0,141.0,134.0,120.0,129.0,131.0,131.0,130.0,130.0,130.0,125.0,123.0,130.0,129.0,139.0,131.0,139.0,133.0,135.0,140.0,139.0,137.0,129.0,134.0,134.0,130.0,131.0,118.0,115.0,122.0,117.0,115.0,124.0,123.5,120.0,129.0,
8bw,31.0,38.5,34.0,29.0,30.1,29.9,25.1,37.0,30.3,23.2,35.5,23.0,24.0,45.0,27.0,40.0,28.0,32.0,35.5,22.0,30.0,28.5,24.5,27.0,23.4,36.0,34.0,25.7,31.0,25.8,28.0,28.5,22.0,33.0,21.0,24.0,29.0,24.0,23.0,27.0,20.0,23.0,23.0,25.0,27.0,27.0,26.0,22.0,26.5,24.1,28.6,32.6,21.4,29.1,24.0,36.6,25.5,25.5,21.0,31.76,33.8,30.0,19.0,22.0,22.0,24.0,22.0,37.0,29.0,29.0,27.0,28.0,20.0,28.5,35.0,26.0,26.9,20.0,28.0,27.0,29.0,24.0,38.0,22.0,25.0,23.0,22.0,19.0,38.0,28.0,37.0,27.8,26.0,22.0,31.0,25.0,24.0,36.0,30.0,27.8,24.3,27.0,25.0,28.7,21.0,19.0,21.0,22.8,30.4,28.7,29.0,20.0,20.0,25.2,20.0,23.5,20.0,23.0,26.0,21.0,21.0,31.0,26.7,47.0,38.6,33.9,24.2,22.7,29.8,28.6,28.8,23.0,21.0,22.0,24.0,26.4,23.0,25.2,37.0,23.6,21.0,19.0,21.0,22.0,17.0,26.0,17.0,23.0,22.0,23.0,35.0,37.0,50.0,25.0,24.0,19.0,32.0,29.0,29.0,41.0,39.0,28.0,29.0,28.0,27.0,26.0,26.0,24.0,26.0,24.0,27.0,36.0,21.0,25.0,27.0,22.0,24.0,26.0,24.0,33.0,29.0,31.0,30.0,33.0,26.0,28.0,22.0,37.0,30.0,30.0,39.0,27.0,28.0,31.0,32.0,27.0,35.0,23.0,35.0,35.0,33.0,33.0,37.0,30.0,25.0,35.0,26.0,30.0,23.0,32.0,28.0,40.0,42.0,38.0,48.0,31.0,25.0,25.0,30.0,31.0,28.0,27.0,23.0,35.0,33.0,33.0,34.0,38.0,36.0,38.0,39.0,37.0,36.0,36.0,36.0,34.0,39.0,36.0,26.0,37.0,21.0,20.0,23.9,25.6,21.8,21.8,30.0,23.0,30.0,
9bh,133.0,140.0,121.0,130.0,137.0,133.0,125.5,139.9,138.0,130.0,130.0,136.0,145.0,140.0,137.0,163.0,143.0,130.5,126.2,131.0,138.0,124.0,138.0,138.0,136.5,140.0,140.5,138.5,126.0,131.5,128.5,133.5,132.1,144.0,120.0,133.0,140.0,133.0,139.0,124.0,130.5,134.0,136.0,140.0,127.0,133.0,137.5,143.0,140.0,137.0,141.0,136.0,140.0,122.0,131.0,139.0,143.0,138.0,139.0,129.0,139.0,133.0,129.0,127.5,128.0,132.0,145.0,124.3,134.8,145.0,130.0,132.0,140.0,133.0,124.0,132.0,137.5,133.0,133.0,130.0,125.8,130.0,130.0,128.0,134.0,131.0,125.5,131.0,131.0,125.0,138.0,134.6,127.1,138.9,129.6,129.8,131.4,124.3,121.0,133.0,128.0,126.0,137.0,127.0,136.0,137.0,133.0,134.0,119.0,155.0,139.0,138.0,153.0,136.0,130.0,131.5,114.0,134.5,133.5,137.0,133.0,121.0,127.0,137.0,127.0,128.0,150.0,128.0,138.0,138.0,128.0,134.0,136.0,131.0,128.5,138.0,137.5,128.0,129.0,128.0,132.0,129.0,129.0,125.0,128.0,130.0,129.0,130.0,137.0,131.0,128.0,125.0,128.0,129.0,139.0,129.0,130.0,127.0,143.0,133.0,124.0,130.0,128.0,134.0,129.0,125.0,131.0,141.0,137.0,130.0,125.0,135.0,129.0,137.0,129.0,131.0,130.0,139.0,127.0,128.0,144.0,121.0,120.0,130.0,133.0,134.0,129.0,125.0,137.0,127.0,137.0,120.0,124.0,112.0,129.0,130.0,130.0,126.0,130.0,140.0,127.0,131.0,141.0,129.0,138.0,140.0,132.0,133.0,118.0,133.0,126.0,130.0,136.0,130.0,132.0,129.0,142.0,143.0,130.0,135.0,130.0,138.0,135.0,126.0,135.0,140.0,135.0,142.0,130.0,129.0,136.0,130.0,138.0,145.0,134.0,135.0,130.0,135.0,138.0,126.0,135.0,128.0,130.0,132.0,129.0,131.0,127.0,129.0,129.0,130.0
9bw,35.1,35.1,22.0,25.5,43.2,31.0,23.9,34.6,30.0,26.1,27.1,28.8,34.5,37.5,40.9,48.5,37.65,25.4,29.0,30.0,37.5,22.0,50.0,44.0,27.0,40.0,33.5,39.5,25.0,30.0,26.0,28.0,26.8,35.0,23.0,31.0,54.2,27.0,33.5,30.0,34.5,37.5,31.0,41.5,27.0,33.5,31.0,41.0,47.0,46.0,41.0,30.0,29.0,23.0,32.0,32.5,43.0,39.5,37.0,32.0,37.0,26.0,32.0,27.0,36.0,40.0,42.5,28.3,30.8,51.0,25.0,30.0,32.0,40.0,28.0,30.2,36.2,30.0,32.0,33.5,24.0,22.1,25.6,27.4,31.0,30.0,25.2,30.0,30.0,24.0,29.0,32.7,27.9,35.4,31.0,33.4,32.0,23.0,25.0,31.0,26.0,26.0,33.0,26.0,32.0,41.0,28.0,31.0,20.0,51.0,58.0,32.2,27.0,34.0,24.7,29.6,20.0,32.0,28.0,41.0,31.0,25.55,26.0,33.0,26.0,26.0,64.0,30.0,32.0,33.0,29.0,36.0,31.5,30.0,26.0,42.0,29.0,27.0,28.0,29.0,25.0,28.0,27.0,25.0,27.0,28.0,31.0,27.0,31.0,29.0,25.0,27.0,28.0,32.0,31.0,27.0,25.0,25.0,43.0,28.0,23.0,27.0,26.0,28.0,24.0,24.0,27.0,62.0,32.0,27.0,26.0,29.0,25.0,29.0,24.0,24.0,29.0,42.0,22.0,40.0,42.0,23.0,24.0,42.0,27.0,28.0,22.0,27.0,37.0,24.0,37.0,23.0,20.0,19.0,35.0,32.0,28.0,21.4,28.0,62.0,24.0,24.0,42.0,25.0,28.0,37.0,28.0,30.0,27.0,31.0,24.0,30.0,31.0,26.0,38.0,38.0,35.0,40.0,30.0,30.0,36.0,24.0,36.0,36.0,35.0,39.0,35.0,30.0,37.0,28.0,35.0,32.0,28.0,54.0,32.0,32.0,28.0,30.0,24.0,36.0,35.0,38.0,33.0,35.0,34.0,34.0,32.0,32.0,34.0,36.0
10bh,141.0,147.0,136.0,140.0,137.0,135.0,140.0,152.5,151.0,143.0,140.0,132.0,130.0,143.0,141.0,142.0,135.5,140.0,152.0,137.0,140.0,141.5,141.0,137.0,127.0,140.5,140.0,133.5,141.0,141.0,135.0,134.0,155.0,130.0,139.0,140.0,133.0,129.0,133.0,135.0,141.0,143.0,138.0,138.0,145.0,137.0,127.5,137.0,139.2,138.5,149.2,143.0,142.0,140.0,139.0,166.2,133.0,133.5,134.0,135.5,145.0,146.0,136.0,142.0,141.0,135.0,125.0,148.0,143.4,134.0,137.0,146.5,135.5,143.0,128.4,148.0,142.5,137.0,140.5,134.6,147.0,137.0,144.0,139.0,145.0,132.0,146.5,136.0,134.0,147.5,139.5,130.0,142.0,139.0,137.0,133.5,131.0,136.0,136.0,129.8,141.0,141.0,132.0,139.0,132.0,133.0,146.3,130.3,134.0,140.0,130.0,129.0,144.0,136.0,134.0,153.0,134.5,144.0,129.0,130.0,136.0,130.0,140.0,144.0,133.0,135.0,145.0,169.5,133.0,131.0,140.0,133.5,145.0,140.0,130.0,142.0,141.0,132.0,142.0,136.0,134.0,138.0,143.0,130.0,132.0,132.0,125.0,138.0,129.0,143.0,140.0,146.0,147.0,142.0,136.0,134.0,138.0,143.0,130.0,132.0,125.0,138.0,129.0,143.0,140.0,146.0,147.0,145.5,142.0,135.0,134.0,146.0,140.0,147.0,158.0,155.0,153.0,139.0,146.0,148.0,145.0,137.0,143.0,136.0,142.0,136.0,138.0,135.0,131.0,148.0,152.0,145.0,140.0,138.0,132.0,145.0,145.0,140.0,140.0,142.0,140.0,141.0,141.0,139.0,130.0,140.0,145.0,140.0,140.0,140.0,135.0,150.0,150.0,145.0,145.0,145.0,140.0,140.0,140.0,145.0,132.0,134.0,145.0,132.0,142.0,135.0,139.0,143.0,143.0,130.0,140.0,132.0,136.0,142.0,133.0,145.0,130.0,135.5,132.0,134.5,150.0,138.0,135.0,133.0,141.0,145.0,142.0,133.0,135.0,
10bw,31.75,46.2,33.1,47.5,40.5,32.8,36.0,42.0,51.3,31.8,30.3,25.5,28.9,35.9,41.8,35.5,35.0,40.5,52.2,35.75,33.0,38.7,39.0,30.0,27.0,32.5,31.0,30.0,36.5,53.5,27.0,45.2,63.5,28.0,49.5,36.2,28.0,29.0,29.0,38.5,48.5,53.0,31.0,50.0,35.0,34.7,32.0,31.0,31.4,35.7,49.3,38.7,57.0,35.0,49.0,47.5,32.7,37.5,34.2,32.0,32.5,57.8,34.5,31.0,42.0,33.0,28.0,41.0,31.0,43.7,31.0,34.8,29.0,52.5,34.1,49.0,46.5,35.0,29.0,39.5,42.8,34.8,38.0,35.0,35.0,32.0,36.8,30.0,26.0,44.8,29.1,27.0,45.0,33.0,34.0,31.0,29.0,27.5,36.0,27.5,52.1,52.1,41.0,42.0,27.0,29.0,36.6,30.1,27.0,32.0,29.0,22.0,36.0,29.0,26.0,28.0,24.4,36.5,22.0,25.0,25.0,30.0,32.0,35.0,30.0,28.0,42.0,79.0,30.0,35.0,40.0,35.0,36.0,37.0,40.0,47.0,43.0,30.0,49.0,34.0,29.0,35.0,60.0,31.0,34.0,34.0,22.0,36.0,29.0,29.0,31.0,42.0,45.0,49.0,34.0,29.0,35.0,60.0,31.0,34.0,22.0,36.0,29.0,29.0,31.0,42.0,45.0,59.0,30.5,33.0,32.0,40.2,45.5,49.0,61.0,40.0,41.0,33.0,36.0,37.0,52.0,36.0,35.0,32.0,30.0,34.0,37.0,27.0,27.0,38.0,59.0,40.0,32.0,40.0,40.0,38.0,48.0,36.0,45.0,38.0,28.0,30.0,38.0,38.0,37.0,36.0,40.0,40.0,45.0,40.0,37.0,38.0,40.0,35.0,38.0,44.0,40.0,45.0,38.0,40.0,30.0,42.0,40.0,26.0,29.6,50.0,36.0,57.0,36.0,26.0,35.0,26.0,31.0,24.0,25.0,49.0,27.0,34.35,28.5,29.0,36.0,37.0,56.0,42.7,30.35,33.0,39.0,29.4,28.8,
11bh,139.0,142.5,142.0,140.0,132.0,156.0,141.0,133.0,143.0,146.0,144.0,148.0,132.0,146.5,141.0,146.0,142.0,148.0,142.0,148.0,149.0,145.5,157.0,134.2,148.4,141.0,152.0,142.0,153.0,148.0,139.2,141.0,134.5,130.5,144.5,154.5,145.0,143.0,144.0,143.0,143.0,138.0,150.0,156.0,148.0,147.0,141.0,151.0,143.5,150.0,157.0,142.0,152.0,138.5,137.0,152.0,150.0,137.0,137.5,145.0,153.7,145.0,151.3,148.5,151.0,132.5,134.3,146.4,156.0,137.0,140.0,137.0,140.0,144.0,146.6,147.5,139.5,140.5,143.5,158.5,145.0,173.8,169.3,150.5,147.6,142.0,152.0,147.0,137.2,148.0,147.0,165.0,147.0,149.5,137.5,131.5,142.0,145.0,150.0,139.0,157.0,147.0,144.0,135.0,141.0,140.0,136.5,140.8,146.5,139.9,140.5,131.0,152.0,137.5,139.5,131.0,152.0,137.5,139.5,131.0,137.0,141.0,148.0,155.0,138.0,144.0,156.0,147.0,142.0,149.0,140.0,140.0,141.2,151.1,146.0,144.2,139.5,147.0,139.0,134.0,143.0,144.0,143.0,149.0,140.0,162.7,137.7,142.0,143.0,144.0,141.5,144.0,141.0,143.0,134.0,155.0,138.0,144.0,147.0,145.0,146.5,161.0,140.0,134.0,145.0,138.0,139.5,138.0,143.0,143.0,142.0,143.0,170.0,151.0,147.0,129.0,146.0,156.0,143.0,150.0,138.5,139.0,150.0,139.0,143.0,142.0,140.0,146.0,140.0,126.0,150.0,142.5,139.0,148.0,137.0,133.0,133.0,152.0,125.0,134.0,136.5,146.5,136.5,136.0,133.5,139.0,140.0,130.0,154.0,153.0,140.0,152.0,155.0,145.0,146.0,140.0,143.0,152.0,156.0,154.0,160.0,159.0,145.0,154.0,153.0,141.0,144.0,142.0,148.0,157.0,148.0,137.0,148.0,135.0,143.0,141.0,127.0,167.0,144.0,154.0,164.0,164.0,160.0,170.0,158.0,142.5,147.0,141.0,,
11bw,34.0,34.5,40.5,31.0,40.0,57.0,33.5,31.0,33.0,45.8,45.2,46.5,34.0,49.9,29.0,42.1,32.1,36.9,44.9,38.0,42.5,43.8,66.1,29.0,41.8,32.57,71.0,42.0,57.0,46.0,29.8,35.0,40.0,29.0,57.5,44.5,38.0,36.0,30.0,34.2,31.0,34.5,34.5,57.0,56.0,49.0,31.0,53.5,41.5,59.0,66.0,39.5,49.5,39.0,32.0,65.0,57.0,32.0,33.1,38.0,55.6,55.0,54.3,40.7,43.6,34.0,30.0,31.0,57.0,31.0,38.0,31.0,38.0,40.0,34.0,38.4,49.0,41.0,40.0,42.0,38.5,64.0,57.0,42.2,29.1,30.8,51.4,35.0,32.8,30.0,36.0,71.0,39.0,68.0,32.5,39.1,32.0,36.0,40.0,34.0,57.0,37.0,45.0,30.0,39.0,42.0,37.0,32.0,36.4,37.1,37.0,29.0,45.4,32.0,47.5,38.5,45.4,32.0,47.5,38.5,30.0,30.0,39.0,62.0,31.0,37.0,44.0,47.5,50.0,39.0,35.0,35.0,58.0,46.5,43.0,40.0,44.5,36.5,31.0,25.0,31.0,41.0,46.0,42.5,35.0,44.5,33.5,34.0,34.0,50.8,30.0,47.0,41.5,32.0,25.0,52.0,33.0,41.0,40.0,53.0,46.0,60.0,41.0,37.0,43.0,57.0,36.0,44.0,39.0,42.0,55.0,37.0,68.0,36.0,40.0,28.0,39.5,65.9,33.5,58.0,34.0,43.0,41.7,39.5,32.0,38.0,31.0,34.0,38.0,25.0,58.0,30.0,36.0,38.0,34.0,31.0,35.2,50.0,22.8,33.5,22.8,35.4,30.0,38.0,36.0,29.0,42.0,27.0,48.0,47.0,28.0,34.0,68.0,36.0,43.0,35.0,32.0,44.0,58.0,63.0,44.0,62.0,36.0,46.0,44.0,36.0,39.0,41.0,48.0,48.0,46.0,29.0,47.0,42.0,40.0,48.0,30.0,49.4,34.3,37.5,58.4,54.0,58.9,50.2,57.0,35.0,43.5,35.0,,
12bh,145.0,146.8,149.0,149.0,145.0,140.0,171.0,155.0,143.0,148.0,160.0,131.0,151.0,160.0,151.7,135.5,152.0,161.5,142.0,157.0,167.0,158.0,140.0,139.0,172.0,145.0,163.0,142.0,145.3,157.2,141.0,151.5,147.0,142.2,147.0,151.5,154.2,150.0,139.0,159.0,149.0,142.0,155.0,135.0,158.5,153.5,145.0,137.0,157.0,142.0,143.8,161.5,141.5,143.5,138.0,145.0,148.0,158.5,138.5,160.0,159.0,152.0,156.0,155.5,148.0,155.6,161.2,158.0,148.0,154.0,142.0,156.2,155.6,150.0,147.0,156.5,154.0,138.0,152.0,135.0,146.0,150.0,148.5,140.5,152.0,152.0,152.0,152.0,154.0,142.0,148.0,160.0,131.0,143.5,140.1,170.0,146.0,154.0,148.0,138.6,155.6,166.5,139.1,150.1,175.0,157.3,147.6,147.8,163.7,153.2,154.0,160.0,169.5,154.5,142.0,145.0,145.2,146.0,163.5,149.5,163.0,157.2,147.5,141.0,147.0,151.2,149.0,146.0,160.0,141.0,144.0,152.0,162.0,150.0,152.0,160.0,155.0,148.0,147.0,146.0,155.0,145.0,154.0,148.5,156.5,154.6,149.0,142.2,146.0,144.0,152.0,149.3,152.0,163.5,152.0,163.5,139.0,149.0,150.0,146.0,148.0,158.0,142.0,159.0,141.0,139.0,146.5,165.0,142.0,150.0,140.4,145.0,141.0,153.0,152.8,148.3,153.4,138.5,147.5,137.0,144.0,162.0,143.0,146.0,152.0,160.0,147.5,137.5,147.0,152.8,167.0,159.5,144.0,147.0,162.0,137.0,143.0,148.0,134.0,147.0,141.0,157.0,143.0,160.0,150.0,147.0,130.0,147.0,169.0,158.0,135.0,151.0,144.0,138.0,148.0,152.0,137.0,148.0,149.0,152.0,160.0,154.0,154.0,159.0,149.0,150.0,153.0,146.0,148.0,145.0,142.0,142.0,158.0,146.0,154.0,149.0,144.0,142.0,149.0,147.0,148.0,147.0,142.5,145.0,153.0,150.0,144.0,144.0,140.0,154.0
12bw,34.5,50.1,51.7,50.0,36.0,45.0,92.0,42.1,44.1,48.0,59.5,28.1,41.0,49.4,62.4,35.5,42.9,42.5,45.0,52.0,53.8,46.4,32.3,30.1,80.5,36.1,60.5,35.1,48.35,46.5,29.0,44.6,42.35,30.0,37.3,41.65,58.0,53.0,37.15,55.0,44.0,34.0,42.0,27.0,59.0,50.5,33.9,37.0,34.0,35.0,36.8,47.5,49.5,38.0,31.0,36.0,44.5,57.3,29.0,42.0,66.0,40.5,52.0,48.0,61.5,45.2,48.2,47.0,33.0,53.0,44.0,48.6,45.2,60.0,41.5,54.0,50.0,40.0,43.5,35.0,36.5,40.0,43.8,37.9,72.0,62.0,72.0,62.0,53.0,44.1,40.5,61.0,34.0,38.0,44.5,68.0,48.0,42.0,44.5,35.1,46.1,58.9,27.4,40.8,64.1,49.6,39.1,45.2,62.1,55.3,60.5,50.6,62.1,40.8,38.4,34.1,37.8,46.1,52.6,39.6,48.8,37.6,24.8,29.8,33.4,42.1,39.0,36.0,56.0,31.0,50.0,59.0,50.0,53.0,36.0,60.0,53.0,37.7,45.0,31.0,55.2,49.0,73.0,36.5,50.8,57.0,40.0,30.52,55.68,33.54,39.78,50.1,46.9,62.0,46.9,62.0,37.0,42.0,44.0,48.0,39.0,45.0,37.0,67.0,35.0,32.6,37.3,76.0,34.0,38.72,33.62,47.0,31.0,50.0,48.7,46.2,72.0,34.2,52.0,32.0,35.0,51.0,37.0,33.0,42.0,57.1,51.5,32.2,36.2,62.5,75.4,62.45,34.0,33.0,52.0,32.0,37.0,54.0,31.0,41.0,34.0,78.0,37.0,30.0,60.0,36.0,26.0,65.0,47.0,40.0,28.0,51.0,33.0,32.0,31.0,36.0,26.0,36.0,42.0,47.0,59.0,35.0,41.0,56.0,53.0,46.0,43.0,39.0,48.0,45.0,41.0,38.0,39.0,40.0,45.0,42.0,43.0,30.0,36.0,34.0,50.0,45.0,33.4,52.2,56.3,43.5,35.3,38.7,34.2,52.0
13bh,164.0,162.0,165.3,154.0,154.2,144.0,144.0,163.0,159.0,151.0,147.0,143.0,148.0,157.0,158.0,157.0,143.0,141.0,161.0,152.0,150.0,133.0,159.0,155.0,140.0,155.0,142.0,157.0,166.0,154.0,169.0,144.0,141.0,155.0,150.0,155.0,143.0,151.0,154.4,152.0,151.7,152.1,162.0,152.0,171.0,165.0,150.0,149.0,158.0,152.5,170.5,165.5,150.0,150.0,150.5,136.5,157.5,151.5,174.5,160.0,145.5,153.0,165.0,170.5,171.0,175.0,155.0,154.2,144.0,168.0,147.0,151.0,120.0,157.0,160.5,157.0,154.0,159.0,153.5,151.0,157.0,161.5,171.0,158.5,163.0,167.0,154.5,158.0,159.0,153.0,147.5,140.0,140.4,166.8,169.0,168.0,168.0,141.0,157.0,161.5,142.5,162.0,149.0,156.0,148.0,167.0,156.0,158.0,159.4,148.0,161.0,160.0,157.6,158.9,145.8,167.8,157.2,168.0,154.5,152.0,152.6,158.2,155.7,147.6,153.5,149.3,154.1,165.7,152.0,152.4,147.0,157.2,151.0,153.2,167.0,154.0,153.4,162.0,152.0,157.5,165.2,150.5,151.0,158.0,152.0,171.0,150.0,159.0,160.0,158.0,153.0,153.0,163.0,154.0,141.5,152.0,139.0,159.0,153.0,137.0,158.0,178.5,170.0,142.0,145.0,165.0,160.0,146.0,150.0,146.0,155.0,154.4,148.3,152.0,160.4,166.0,171.0,151.0,157.5,157.0,157.0,150.5,163.0,167.0,167.5,153.4,152.4,157.0,141.5,160.4,157.0,161.0,166.0,171.0,151.0,157.5,157.0,157.0,150.5,163.0,167.0,167.5,153.4,152.4,157.0,141.5,154.0,158.0,155.0,149.0,154.0,162.0,160.0,154.0,156.0,162.0,157.0,149.0,150.0,167.0,170.0,159.0,150.0,170.0,159.0,153.0,149.0,156.7,161.0,155.0,157.0,154.0,159.0,148.0,143.7,161.0,155.0,155.0,156.5,166.0,149.5,153.0,158.0,164.0,143.0,161.6,152.8,162.0,167.7,151.8
13bw,66.0,50.8,52.8,45.7,45.0,33.0,38.0,57.1,43.1,36.1,49.3,39.0,34.2,35.8,49.8,40.9,36.5,33.0,70.0,44.4,38.9,26.8,46.5,42.1,29.3,39.9,39.0,50.8,47.7,37.2,46.8,36.1,35.0,48.5,31.5,60.5,40.0,40.0,61.25,42.1,45.6,42.36,41.0,63.0,65.0,48.0,40.0,38.0,41.5,42.5,68.1,80.0,37.5,50.5,37.5,40.5,42.5,40.5,60.5,68.5,37.5,47.5,67.5,58.2,60.5,70.3,70.5,54.0,42.0,46.0,36.5,38.8,24.0,65.0,75.0,62.0,42.0,48.0,52.0,47.0,56.5,55.6,56.5,53.0,50.5,47.35,49.5,43.5,52.0,38.3,46.7,35.0,39.7,62.1,59.0,52.0,51.5,34.3,40.0,58.0,34.0,76.5,49.0,61.5,52.8,48.5,54.6,50.6,47.9,39.8,54.9,43.5,42.3,70.6,37.2,57.5,50.5,48.5,58.2,48.2,43.0,43.6,49.8,36.0,43.0,36.3,39.5,56.0,36.5,39.4,44.9,38.9,34.8,35.4,87.8,44.8,46.1,50.0,34.6,43.1,48.9,36.7,41.8,50.6,41.0,83.1,40.0,71.0,47.0,48.0,45.0,47.0,50.0,51.0,32.5,37.0,49.0,59.0,43.0,32.0,50.0,76.0,60.0,31.0,65.0,57.0,40.0,39.0,35.0,44.0,40.0,43.24,39.24,47.0,60.0,54.6,74.1,44.0,52.4,47.5,45.6,45.6,47.2,52.9,50.4,44.56,43.6,42.0,33.9,60.0,52.0,48.9,54.6,74.1,44.0,52.4,47.5,45.6,45.6,47.2,52.9,50.4,44.56,43.6,42.0,33.9,55.0,57.0,58.0,36.0,45.0,49.0,53.0,46.0,73.0,58.0,44.0,45.0,48.0,59.0,60.0,45.1,44.0,61.0,69.0,54.0,40.5,39.6,46.0,53.0,36.0,44.0,43.0,39.0,35.66,46.0,40.0,53.0,49.6,50.0,45.6,40.6,54.0,70.0,31.5,59.5,54.7,49.0,59.8,48.5
14bh,166.0,156.7,162.0,167.7,155.0,163.5,169.4,161.0,164.0,156.0,170.0,173.0,162.0,175.0,152.0,164.0,158.0,155.0,162.0,160.0,170.0,150.0,167.0,170.0,168.0,157.0,146.0,171.0,176.0,163.0,145.0,174.5,161.5,158.5,172.5,157.0,165.0,153.0,163.0,163.0,159.0,159.2,149.2,150.0,150.2,171.6,152.0,156.0,165.0,173.5,164.5,162.5,158.5,171.5,154.2,160.0,153.0,160.0,160.0,158.0,154.0,150.0,165.0,168.0,150.0,146.5,175.0,176.2,177.0,163.0,163.5,181.2,158.0,169.0,174.5,155.5,166.4,156.1,166.6,154.4,160.5,150.7,167.5,167.5,174.0,160.0,159.0,167.0,177.0,160.0,159.0,167.0,164.9,179.3,167.5,158.0,163.0,161.5,155.5,163.5,181.5,161.0,162.0,161.5,174.5,170.0,158.5,168.5,158.5,148.0,153.8,149.0,155.0,178.0,148.0,157.0,163.6,160.1,152.0,162.7,159.1,173.8,147.3,168.6,167.7,167.5,170.0,189.0,152.0,164.0,178.0,172.0,171.0,171.0,181.5,174.5,170.5,169.0,174.0,180.0,180.0,171.0,168.0,159.0,163.0,166.0,165.0,163.0,168.5,182.0,168.0,155.0,167.0,137.0,177.0,168.0,174.0,173.0,146.5,169.0,152.8,163.3,165.0,158.0,181.0,160.0,169.4,152.8,163.3,165.0,158.0,181.0,160.0,169.4,165.0,185.0,137.0,158.0,175.0,163.0,156.0,159.0,183.5,155.4,163.0,166.5,143.5,156.0,154.0,153.2,163.0,145.0,161.0,140.5,160.8,170.6,152.0,172.7,154.0,148.0,158.4,156.7,173.0,147.0,182.5,165.0,166.8,166.0,168.0,169.0,160.0,154.5,170.8,157.0,160.5,166.0,161.6,145.0,149.0,154.0,156.0,145.0,153.0,168.0,165.0,152.0,173.0,152.0,165.0,167.0,161.0,160.0,164.0,154.0,167.0,158.0,160.0,164.0,173.0,171.0,167.0,167.0,159.0,165.0,158.0,163.5,167.0,,,
14bw,78.0,63.0,51.65,59.7,45.7,63.2,50.3,49.7,88.45,47.0,47.0,60.5,58.0,56.8,38.0,52.7,53.0,54.0,56.8,42.8,53.0,41.8,50.0,47.5,50.8,40.0,42.0,60.5,59.6,48.5,50.2,62.8,45.2,49.3,64.0,55.8,64.5,41.5,53.3,47.5,59.5,48.0,42.3,35.75,43.56,67.35,48.0,49.0,47.0,85.0,56.5,50.0,40.5,55.5,37.6,41.5,41.5,52.5,41.0,60.5,46.0,43.0,50.5,62.0,28.0,50.1,78.5,61.5,75.1,58.0,69.0,68.5,51.0,54.5,81.5,50.2,48.8,39.0,60.0,42.66,58.0,39.5,40.9,54.1,63.0,48.0,68.0,80.0,62.0,48.0,68.0,80.0,53.0,57.8,54.6,56.4,60.0,49.1,44.0,77.0,63.0,56.9,57.5,67.1,61.0,59.0,40.5,61.0,46.1,38.0,39.8,30.5,45.9,95.3,39.9,39.8,49.1,45.5,37.9,65.1,39.4,65.6,44.2,42.1,55.8,85.1,51.9,72.0,41.0,45.0,68.0,57.0,54.0,56.0,73.6,64.9,45.0,51.9,65.2,65.0,59.0,49.2,52.0,41.0,62.0,59.0,65.0,53.0,57.0,60.0,50.0,51.0,53.0,27.0,58.0,56.0,54.0,60.18,37.0,78.1,45.6,57.5,52.0,44.9,70.5,45.7,97.0,45.6,57.5,52.0,44.9,70.5,45.7,97.0,44.0,61.0,38.0,73.0,55.0,52.0,49.0,46.0,61.1,41.76,52.0,52.0,36.4,42.0,42.0,46.0,54.0,29.0,51.0,39.5,51.0,62.4,48.5,69.0,33.0,42.0,49.6,62.0,68.5,33.0,49.25,62.6,58.2,49.5,61.6,47.3,53.5,39.4,69.5,45.0,54.5,59.75,52.0,29.6,42.0,35.0,47.0,33.0,51.0,55.7,45.0,51.0,61.0,53.0,44.0,52.0,51.0,43.0,75.0,57.0,62.0,56.0,58.0,48.0,93.0,78.0,59.0,74.0,68.0,43.0,48.0,40.0,56.0,,,
15bh,166.0,166.0,159.8,165.8,172.1,174.5,168.8,167.5,164.0,170.0,163.0,166.9,169.0,165.5,174.0,162.5,178.0,170.0,177.0,175.0,162.0,168.0,160.0,164.0,171.0,150.0,173.0,159.0,168.0,168.0,169.0,170.0,170.0,173.0,163.0,177.0,167.5,170.0,171.0,170.0,171.0,162.0,171.0,180.0,175.5,182.0,163.7,164.0,170.0,168.5,161.0,167.0,165.0,161.0,163.0,169.0,180.0,172.0,167.0,167.0,181.0,167.0,163.0,176.0,161.0,161.5,171.0,173.0,163.5,144.0,176.2,181.0,159.0,179.0,176.0,175.0,162.0,160.5,162.5,164.5,167.5,165.0,169.0,177.5,165.5,160.0,177.0,160.0,172.0,167.0,164.0,152.0,176.0,172.0,166.0,169.7,173.0,180.0,162.5,169.0,166.0,176.0,161.0,170.7,169.3,171.4,171.5,171.5,176.5,158.5,160.0,166.5,154.0,157.1,171.0,168.0,172.5,156.5,181.0,168.0,165.5,167.0,175.0,165.5,171.0,166.5,174.0,157.5,161.0,173.0,166.0,166.5,167.5,168.0,171.0,173.0,168.0,171.0,173.0,174.0,182.5,168.5,171.5,173.0,178.0,172.0,166.7,166.5,181.0,165.0,176.0,161.5,166.0,170.0,156.0,175.0,150.0,171.0,180.0,150.0,175.9,165.0,172.0,167.0,173.0,174.0,183.1,171.5,179.7,163.0,157.3,163.8,160.1,169.1,166.8,170.1,168.5,176.1,180.0,174.3,159.6,173.1,169.1,172.8,159.2,164.0,171.0,157.0,168.0,169.0,178.0,176.0,168.0,167.0,166.0,164.0,162.0,174.0,167.0,177.0,178.0,179.0,163.5,162.0,147.0,168.0,160.0,170.0,166.0,160.0,167.0,168.0,160.0,175.0,164.0,159.0,164.0,159.0,154.2,155.0,162.0,163.0,166.7,168.5,161.5,164.5,155.0,162.0,163.0,166.7,168.5,161.5,164.5,115.0,176.0,170.0,157.0,164.0,170.0,162.0,146.0,164.0,176.0,175.0,160.0,167.0,151.0,160.8,,
15bw,63.0,44.0,46.5,50.8,52.0,59.6,73.9,54.8,52.7,62.0,53.2,48.0,57.0,54.5,59.9,51.0,55.0,65.7,52.55,57.0,53.1,56.0,57.4,64.7,61.0,44.7,55.9,40.8,59.0,64.0,56.0,57.0,58.0,48.0,55.0,56.0,55.0,50.7,80.0,81.0,47.4,55.0,58.1,59.0,58.9,58.7,55.4,49.2,47.4,74.8,56.8,47.9,55.0,65.0,50.0,59.0,65.0,50.0,53.0,47.0,58.8,52.0,45.0,60.0,50.0,45.5,61.75,52.3,53.5,35.5,78.0,63.1,57.0,68.0,56.0,78.5,47.0,43.5,62.1,52.5,53.0,50.75,46.0,76.5,49.5,51.0,65.5,57.0,64.0,56.0,78.0,45.0,90.0,61.0,53.0,53.0,74.5,83.0,49.0,67.7,57.0,57.0,52.9,59.2,61.8,60.8,78.1,58.5,67.9,45.1,51.0,40.4,40.0,44.6,52.0,57.0,68.5,45.0,55.8,60.59,83.0,49.5,61.0,57.5,67.5,53.5,58.7,51.0,51.0,68.5,53.0,50.2,76.5,75.0,52.0,77.0,75.0,52.0,52.8,63.0,89.9,50.5,63.5,62.9,77.5,57.3,46.9,50.6,72.2,43.6,69.1,68.1,52.1,58.0,51.0,64.0,52.1,56.5,60.9,52.0,64.2,49.8,50.5,67.8,55.4,53.5,74.8,70.8,72.5,67.1,64.6,36.9,43.2,45.1,82.4,53.8,53.0,50.7,62.1,56.7,54.7,85.1,55.4,53.1,42.9,53.5,65.2,56.0,48.0,53.0,70.0,53.0,64.0,63.0,56.0,44.0,61.0,59.0,53.0,61.0,70.0,61.0,61.0,52.0,31.0,52.0,40.0,53.0,47.0,57.0,50.0,58.0,53.0,60.0,58.0,49.86,49.0,49.0,50.1,56.9,48.0,55.6,54.5,52.0,44.5,64.1,56.9,48.0,55.6,54.5,52.0,44.5,64.1,41.0,48.0,81.0,52.0,47.0,58.0,66.0,41.0,64.0,82.0,68.0,54.0,54.0,43.0,49.76,,
16bh,173.0,175.0,167.0,169.0,166.5,163.5,175.0,167.0,168.0,175.5,176.0,169.0,174.0,169.0,180.0,172.0,176.0,175.0,164.0,160.0,181.0,183.0,167.0,174.0,165.5,182.6,170.0,155.0,170.0,170.0,170.0,158.0,162.0,172.0,174.0,163.0,166.0,172.0,182.0,175.0,167.0,178.0,178.0,176.5,170.5,180.5,165.0,168.0,165.0,177.0,159.0,174.0,166.5,178.9,173.5,174.6,166.7,161.2,172.5,177.5,170.5,174.8,173.2,167.9,167.0,163.0,163.0,180.9,178.5,176.0,166.0,176.8,165.0,178.5,174.0,171.5,161.5,166.0,165.9,170.5,177.3,173.8,163.3,173.2,160.6,144.1,170.8,178.6,163.8,178.9,158.9,168.0,173.0,174.0,169.0,166.0,188.0,160.0,164.0,185.0,170.8,167.0,168.0,163.0,170.0,171.0,175.0,172.0,183.0,170.0,175.0,172.0,183.0,166.0,173.0,162.2,168.5,171.0,167.0,170.4,158.0,174.5,167.0,173.0,175.5,174.9,170.0,176.0,163.0,176.0,171.0,183.0,167.0,184.0,181.0,166.0,172.0,173.0,158.5,169.0,171.0,172.5,173.0,170.0,164.0,171.0,173.0,170.0,165.0,176.0,181.0,178.0,179.0,167.0,188.0,172.0,171.0,171.0,170.0,176.0,171.0,173.0,175.0,174.0,178.0,171.0,181.0,174.0,160.0,178.0,178.0,175.0,173.0,177.0,169.0,166.7,166.5,171.4,167.8,164.0,177.4,172.0,166.5,167.0,158.5,168.6,179.3,170.5,165.5,174.0,173.7,171.5,169.5,169.5,160.0,169.0,168.0,171.0,170.5,176.0,174.5,178.5,170.0,169.0,161.0,175.0,177.0,156.0,156.0,145.0,164.0,166.5,163.0,169.5,152.0,161.0,170.0,151.0,181.0,169.0,170.0,165.5,179.0,162.0,175.0,170.0,165.0,171.0,156.0,163.0,168.0,171.0,176.0,171.0,169.0,160.0,180.0,176.0,161.0,174.0,175.0,183.5,171.0,167.2,179.0,178.0,163.0,172.0,170.0,170.0
16bw,90.6,65.1,59.0,64.0,50.5,48.2,64.0,77.0,51.9,62.7,64.0,53.0,57.0,56.2,53.0,48.1,58.7,49.0,52.0,55.5,65.8,65.8,53.0,57.3,52.5,61.5,55.0,50.0,60.0,55.1,66.0,50.0,43.0,52.0,60.0,52.0,46.0,51.8,70.0,71.0,60.0,64.0,58.5,53.5,57.7,61.5,49.9,50.55,66.0,71.0,44.0,77.0,52.5,54.8,62.0,59.6,65.4,52.0,62.5,67.1,55.5,56.9,62.5,55.9,73.5,54.0,54.0,60.9,82.1,60.5,46.5,61.5,64.9,60.5,65.8,70.1,50.9,55.9,52.1,80.3,53.0,60.3,44.5,61.9,48.7,41.8,59.3,58.9,61.1,67.3,64.5,67.0,68.0,64.0,85.0,61.0,84.0,53.0,45.0,58.0,43.5,53.0,52.0,69.0,70.0,58.0,62.0,63.0,67.0,70.0,62.0,63.0,67.0,56.0,78.0,57.3,69.3,64.0,50.0,49.5,45.0,53.1,57.0,49.0,60.25,59.5,68.0,67.0,52.0,53.0,51.0,97.0,54.0,65.0,59.0,66.0,64.0,70.0,39.5,66.2,58.0,49.0,56.0,50.0,50.0,78.0,63.2,53.0,48.0,58.0,70.0,65.0,67.0,53.0,62.0,62.0,59.0,51.0,48.0,65.0,52.0,56.0,77.0,65.0,79.0,49.0,51.0,56.0,47.0,62.9,74.0,55.5,67.7,68.0,54.0,50.2,51.95,55.4,53.8,51.1,66.5,59.45,78.3,55.9,46.45,59.4,64.1,63.9,50.4,85.0,55.9,64.5,58.5,52.3,55.0,53.5,55.1,48.0,61.0,62.7,58.0,62.0,59.0,68.5,46.8,55.5,81.0,42.8,47.9,34.0,47.7,60.0,49.3,56.8,41.0,47.8,53.5,47.0,60.0,50.1,66.1,56.0,59.9,63.7,51.8,57.0,54.4,51.0,43.0,52.0,53.0,61.5,62.0,56.0,53.0,54.0,71.0,66.7,46.0,54.0,64.95,64.35,55.65,58.5,62.0,68.0,67.0,60.0,57.0,69.0
17bh,170.0,183.0,172.0,164.0,170.0,178.5,181.2,172.6,172.0,174.5,168.0,180.3,166.0,168.0,172.0,169.0,174.0,181.0,173.0,172.0,170.0,176.0,174.0,167.0,167.0,180.0,174.0,172.5,166.5,178.5,167.3,167.5,169.5,175.5,180.5,170.0,160.3,173.5,177.0,175.5,176.0,174.1,176.0,173.0,174.0,167.5,169.2,168.0,168.7,173.5,169.2,167.2,173.5,171.9,175.0,177.0,169.0,173.0,177.0,173.2,170.1,179.5,165.0,161.0,174.5,166.5,155.0,181.0,167.7,172.0,175.0,169.5,171.0,177.5,167.5,163.4,170.5,174.2,176.7,161.0,166.7,183.5,166.0,167.8,181.1,171.6,174.8,164.2,173.8,171.5,171.3,170.4,164.3,177.1,172.2,174.8,177.8,168.9,173.3,178.9,166.0,172.9,179.8,176.0,168.0,177.0,174.0,170.0,172.0,174.0,172.0,178.0,165.0,178.0,183.0,180.0,160.0,171.0,177.0,177.0,174.0,161.0,171.0,181.0,158.0,167.0,155.0,153.0,181.0,174.0,183.0,180.0,159.6,180.0,176.0,180.0,169.0,171.0,166.0,171.0,166.0,167.5,168.0,167.0,176.0,175.0,167.0,172.0,176.0,175.0,178.0,173.0,168.0,167.0,154.0,163.0,172.0,186.0,175.5,176.0,178.0,170.0,170.0,175.5,168.5,172.0,177.0,169.0,162.0,175.0,185.0,185.0,167.0,168.0,172.0,168.0,166.0,170.0,160.0,175.0,166.0,174.0,169.0,169.0,173.0,172.0,177.0,172.0,166.0,168.0,170.0,164.5,183.0,165.0,166.0,184.0,165.0,170.0,164.0,167.0,169.0,156.0,172.5,172.0,160.0,173.0,173.2,184.0,173.0,175.0,171.0,172.0,178.0,166.2,162.7,178.0,163.0,180.0,181.5,175.5,166.5,173.5,170.0,167.0,170.0,162.1,180.2,162.3,169.5,158.0,166.5,176.0,175.8,170.0,180.0,175.0,169.0,169.5,176.0,167.0,172.0,174.2,171.0,160.0,176.5,175.5,168.0,167.0,,
17bw,53.0,67.9,71.7,57.2,55.0,67.0,105.0,58.5,52.2,61.0,63.5,59.65,62.0,51.0,53.0,60.0,64.0,61.3,61.0,48.3,54.9,53.8,60.0,60.5,54.5,74.0,64.0,95.5,65.5,71.5,52.6,54.5,80.0,85.5,79.0,68.7,49.8,56.0,53.0,68.5,61.0,54.4,70.0,65.0,69.0,58.5,68.3,53.0,87.1,69.1,47.9,62.8,63.7,66.5,84.5,54.0,70.0,77.0,54.0,65.6,51.9,59.0,53.5,57.6,63.4,62.9,65.5,68.5,49.9,55.4,71.4,49.8,54.5,52.5,73.1,45.8,53.6,65.1,60.7,58.4,67.9,62.1,63.2,59.4,75.9,53.6,63.2,56.1,56.6,67.8,61.1,72.9,61.1,57.1,58.6,49.3,65.8,58.9,60.9,91.9,81.0,64.9,61.7,69.0,65.0,72.0,81.5,63.5,54.0,57.0,66.5,57.1,61.1,52.6,64.6,56.5,53.0,60.0,77.1,60.9,59.0,61.0,73.0,98.0,58.0,65.0,46.0,57.0,72.0,66.0,60.0,65.0,58.1,77.0,60.0,76.0,65.32,64.9,47.5,64.9,47.5,62.0,65.0,54.0,77.0,62.0,59.0,64.0,77.0,62.0,97.0,62.0,56.0,59.0,42.0,44.0,63.0,65.0,60.0,51.0,94.3,52.4,69.2,57.0,63.4,62.0,55.0,60.0,60.0,76.0,65.0,72.0,61.0,53.0,53.0,51.0,53.0,53.0,74.0,64.0,68.0,65.0,50.0,48.0,94.0,79.5,62.0,56.8,55.0,50.0,66.0,59.0,65.0,57.0,50.0,64.0,57.8,60.5,54.0,55.0,58.5,42.5,71.7,68.1,51.25,68.9,60.85,72.35,53.0,62.0,57.0,69.0,60.0,50.2,45.0,68.1,48.5,67.5,68.5,57.5,63.1,52.5,68.1,60.7,63.9,51.25,89.5,50.4,59.1,49.3,49.1,65.5,54.05,51.05,73.5,67.42,61.5,60.5,60.3,57.2,70.2,86.0,67.7,53.0,70.55,80.3,60.95,60.3,,
7gh,127.0,118.0,125.0,120.0,115.5,124.0,112.0,116.0,128.0,113.5,121.0,113.0,120.0,122.0,125.0,130.0,115.0,120.0,133.0,115.0,121.0,116.0,123.0,122.0,124.0,120.0,121.0,111.0,116.0,130.0,122.0,118.0,123.0,112.0,116.0,122.0,113.0,112.0,125.0,116.0,127.0,125.0,126.0,134.0,124.0,125.0,121.0,132.0,125.0,120.0,125.5,124.0,120.0,120.7,118.0,113.4,116.0,121.0,125.5,119.0,117.8,116.0,128.0,118.0,118.0,128.0,119.0,125.6,120.0,128.0,118.0,120.0,124.0,115.0,120.0,122.4,119.0,125.0,120.0,130.0,122.0,116.0,115.0,119.2,119.0,116.0,119.0,130.0,121.3,122.0,120.5,119.5,128.0,121.0,124.0,115.0,128.0,117.0,124.0,119.5,114.0,121.5,122.0,117.5,114.0,127.0,111.0,115.0,108.0,120.0,121.0,125.0,121.0,116.5,120.0,116.5,123.0,121.0,112.0,116.0,120.0,112.5,125.0,115.0,121.0,120.0,123.0,125.0,130.0,114.0,120.0,128.0,118.0,122.0,119.0,118.0,90.0,114.0,129.0,120.0,137.0,124.0,131.0,113.0,125.0,93.0,115.0,114.0,110.0,122.0,118.0,122.0,109.0,116.0,124.0,118.0,123.0,112.0,115.0,117.0,125.0,116.0,121.0,123.0,130.0,129.0,125.0,130.0,134.0,120.0,124.0,130.0,118.0,126.0,119.0,121.0,120.0,125.0,132.0,130.0,129.0,118.0,116.0,124.0,137.0,118.0,129.0,129.0,119.0,121.0,126.0,124.0,122.0,119.0,127.0,118.0,119.0,122.0,129.0,116.0,120.0,121.0,119.0,127.0,127.0,115.0,121.0,120.0,119.0,117.0,124.0,114.0,112.0,124.0,120.0,120.5,123.2,114.0,112.5,112.5,124.0,124.0,120.0,114.0,110.0,126.0,118.7,118.0,125.5,121.0,120.0,115.0,113.0,115.0,118.0,116.0,129.0,123.0,122.0,127.0,135.0,117.0,122.0,122.0,124.0,130.0,112.0,121.0,123.0,
7gw,32.0,20.0,22.0,24.0,20.0,25.0,20.0,27.0,25.7,18.5,25.8,20.0,24.2,27.0,28.0,22.3,19.3,23.0,36.0,21.0,25.0,21.0,23.0,21.0,27.0,22.0,22.0,16.5,20.3,28.0,30.0,20.0,32.0,19.5,17.25,20.0,19.0,20.85,30.7,21.25,26.0,21.6,23.0,27.0,22.0,37.0,27.0,30.0,22.9,22.1,27.4,21.4,27.0,26.8,23.0,16.1,18.0,22.5,24.8,22.0,22.0,17.8,23.0,21.0,20.0,39.0,22.0,24.0,23.2,39.3,20.0,21.0,29.3,16.0,27.3,24.3,21.0,20.0,22.0,28.7,20.5,17.7,29.8,21.0,20.4,24.0,27.5,21.0,25.3,24.8,25.0,21.6,26.2,35.4,21.0,22.1,26.5,26.0,24.6,21.4,25.0,20.5,29.0,20.7,19.1,31.0,18.0,23.0,20.0,27.0,22.5,31.0,25.0,20.2,20.8,28.0,23.0,21.0,19.2,20.0,23.0,20.0,23.0,20.0,25.9,26.0,25.0,24.0,25.0,18.0,22.0,27.0,21.0,23.0,20.0,24.0,14.0,19.0,38.0,22.0,27.0,20.0,24.0,19.0,24.0,14.0,22.0,31.0,17.0,20.0,25.0,34.0,19.0,26.0,24.0,22.0,25.0,20.0,21.0,17.0,22.0,19.0,26.0,25.0,24.0,30.0,25.0,40.0,32.0,20.0,21.0,34.0,23.0,25.0,32.0,24.0,26.0,25.0,37.0,24.0,35.0,23.0,23.0,28.0,33.0,22.0,26.0,26.0,23.0,23.0,31.0,32.0,29.0,34.0,34.0,26.0,27.0,23.0,26.0,23.0,26.0,30.0,33.0,28.0,20.4,20.1,24.0,20.8,25.0,23.0,21.0,20.0,19.4,23.0,23.0,21.6,21.6,18.0,22.1,22.1,22.0,22.0,21.7,22.6,17.0,26.0,22.3,22.0,23.0,23.2,21.2,20.0,19.0,19.0,21.0,19.0,27.0,25.0,22.0,27.0,20.0,20.0,21.0,22.0,24.0,26.0,18.0,24.0,27.0,
8gh,122.0,135.0,138.0,132.0,137.0,121.5,123.1,120.0,122.5,130.0,128.4,127.0,126.0,130.0,126.0,128.0,134.0,128.3,133.5,128.0,128.0,126.0,124.5,128.5,125.5,126.5,117.5,120.0,121.0,119.0,116.0,134.0,125.5,129.0,131.8,126.0,125.5,126.2,125.2,128.5,129.0,132.0,126.0,125.0,128.0,126.0,132.0,123.0,119.0,124.0,124.0,131.0,134.0,123.0,127.0,130.0,123.0,127.0,131.0,131.5,126.7,126.0,123.0,123.0,122.0,119.0,118.0,125.0,125.4,125.0,125.4,129.0,124.6,131.0,119.0,127.0,121.0,119.0,131.0,123.0,127.0,127.0,118.0,125.0,125.0,129.0,125.0,128.0,132.0,119.0,134.0,129.5,126.0,127.5,119.0,122.0,125.0,129.0,127.0,117.0,121.0,125.0,122.0,114.0,122.0,123.0,125.0,137.0,130.0,128.0,132.0,118.0,123.0,116.0,124.5,118.0,123.0,121.0,123.0,123.0,123.5,120.5,124.0,123.5,125.5,125.0,127.0,117.0,113.0,117.0,121.0,112.5,127.0,126.0,129.0,123.0,133.0,142.0,137.0,123.0,145.0,123.0,131.0,149.0,132.0,125.0,125.0,122.0,121.0,135.0,134.0,132.0,134.0,125.0,118.0,125.0,127.0,129.0,125.0,128.0,135.0,143.0,133.0,127.0,128.0,132.0,122.0,129.0,124.0,121.0,129.0,146.0,129.0,129.0,127.0,126.0,121.0,126.0,129.0,131.0,136.0,125.0,123.0,130.0,138.0,139.0,138.0,140.0,141.0,134.0,120.0,129.0,131.0,131.0,130.0,129.0,131.0,139.0,133.0,135.0,140.0,139.0,137.0,129.0,134.0,134.0,125.0,137.0,130.0,133.0,134.0,134.0,132.0,135.0,123.0,125.0,126.0,124.0,135.0,124.0,135.0,136.0,123.0,130.0,135.0,130.0,140.0,126.0,128.0,124.0,119.0,119.0,115.0,116.0,116.0,125.0,119.0,120.0,129.0,120.5,136.0,115.0,115.0,116.0,125.0,120.0,117.0,,,
8gw,23.8,26.5,26.7,28.0,36.5,26.0,22.35,24.0,27.0,27.0,27.0,25.0,25.0,29.0,26.0,25.0,34.0,25.0,34.0,30.0,26.0,29.0,24.1,26.6,28.7,30.4,20.1,24.0,24.6,24.5,22.1,29.0,21.0,32.0,33.7,28.5,23.0,24.6,25.6,24.6,26.5,32.8,24.0,31.0,29.0,32.0,36.0,19.0,23.0,21.0,18.0,28.0,29.0,26.0,30.6,31.0,23.1,24.0,30.4,32.6,27.9,26.6,24.5,26.0,23.0,21.0,20.0,28.1,25.2,28.1,25.2,24.0,21.2,27.0,20.0,26.0,23.0,21.0,28.0,24.3,26.0,23.0,17.0,24.5,24.0,23.0,24.0,28.0,28.0,25.0,41.0,27.7,24.0,25.0,20.0,20.0,29.0,26.0,28.0,21.0,23.5,23.4,23.9,20.0,23.5,27.0,25.7,29.0,30.0,23.6,35.5,21.5,19.9,23.0,26.0,23.0,19.0,22.0,20.2,23.5,24.7,22.2,21.6,23.3,32.5,36.0,31.2,21.0,20.0,19.7,26.5,20.8,27.0,22.0,26.0,24.0,26.0,45.0,25.0,22.0,37.0,22.0,27.0,38.0,27.0,25.0,27.0,22.0,23.0,31.0,33.0,26.0,45.0,24.0,20.0,22.0,36.0,27.0,26.0,26.0,33.0,44.0,31.0,23.0,26.0,42.0,20.0,24.0,24.0,22.0,35.0,38.0,29.0,26.0,22.0,29.0,27.0,27.0,26.0,26.0,45.0,30.0,23.0,32.0,28.0,40.0,42.0,38.0,48.0,31.0,25.0,25.0,30.0,31.0,34.0,38.0,36.0,38.0,39.0,37.0,36.0,36.0,36.0,34.0,39.0,36.0,24.0,33.0,29.0,31.0,30.0,33.0,26.0,28.0,22.0,37.0,30.0,30.0,39.0,27.0,31.0,32.0,35.0,35.0,37.0,30.0,25.0,35.0,26.0,19.55,22.0,23.5,17.5,20.0,20.0,20.0,20.0,26.7,30.0,24.0,24.0,18.5,20.0,20.0,23.0,25.0,18.0,,,
9gh,138.0,130.5,124.0,130.5,149.5,136.0,133.0,150.0,130.0,135.0,130.0,138.0,149.0,140.5,136.0,129.0,137.0,138.0,134.2,112.0,130.0,129.0,133.2,143.0,131.0,139.0,140.0,136.5,147.0,138.0,132.5,132.0,131.0,142.0,137.0,130.0,129.0,133.0,127.0,127.0,130.0,129.0,136.5,131.5,127.5,118.5,125.2,128.0,134.5,130.0,135.0,132.0,128.0,129.0,130.2,129.0,133.0,126.4,125.4,136.0,116.0,147.0,126.4,117.7,131.0,126.0,129.0,125.0,141.0,136.5,120.0,123.0,130.0,130.0,141.0,131.0,119.5,120.0,134.0,124.0,137.0,120.0,134.0,124.0,137.0,126.0,124.0,128.0,139.1,135.0,126.7,128.4,128.0,138.0,128.0,131.0,123.0,129.0,133.0,131.1,127.9,151.5,133.5,152.0,142.5,135.0,129.0,123.0,132.0,128.5,128.0,138.0,129.0,133.0,130.0,139.0,127.0,135.0,127.0,135.0,128.0,131.0,126.0,133.0,126.0,126.0,129.0,131.0,128.0,136.0,129.0,132.0,129.0,125.0,141.0,131.0,117.0,125.0,127.0,126.0,128.0,132.0,137.0,142.0,126.0,140.0,137.0,137.0,128.0,131.0,125.0,139.0,129.0,133.0,135.0,139.0,129.0,119.0,118.0,132.0,134.0,139.0,129.0,125.0,137.0,115.0,121.0,133.0,129.0,130.0,130.0,125.0,128.0,124.0,131.0,133.0,136.0,130.0,138.0,145.0,134.0,135.0,130.0,128.0,130.0,132.0,129.0,131.0,127.0,129.0,129.0,130.0,132.0,138.0,130.0,136.0,130.0,132.0,129.0,140.0,145.0,130.0,130.0,135.0,140.0,135.0,142.0,130.0,129.0,132.0,132.0,124.0,139.0,139.0,133.0,129.0,140.0,135.0,131.0,132.0,143.0,133.0,137.0,124.0,142.5,133.0,128.0,146.0,122.5,137.0,132.0,128.5,137.5,139.5,136.0,136.0,130.0,127.5,126.0,119.0,121.0,137.0,141.0,142.0,127.0,132.0,139.0,135.0,,
9gw,40.5,27.6,23.6,29.6,36.0,33.7,29.4,33.9,27.8,25.1,26.1,31.1,53.1,35.8,24.89,26.9,31.6,28.0,38.4,21.0,25.0,26.0,30.2,33.0,32.0,34.0,41.0,33.0,47.4,39.9,35.0,35.8,29.0,32.5,28.0,26.0,34.0,26.0,24.0,24.0,26.0,34.0,27.0,30.0,27.1,25.3,28.5,25.0,27.6,25.0,31.0,30.0,32.2,27.1,25.6,36.0,32.0,23.1,32.9,33.0,18.0,39.0,26.7,22.0,25.0,26.6,30.0,34.0,36.0,36.7,23.0,25.5,25.0,28.0,32.0,33.0,24.0,23.9,32.5,26.1,34.5,23.9,32.5,26.1,34.5,23.0,25.0,25.0,42.2,32.0,32.4,38.0,25.0,46.0,26.0,35.0,21.0,28.0,34.0,24.6,27.95,48.0,30.7,34.2,44.7,24.4,38.0,21.0,35.5,25.5,27.0,46.0,27.0,31.0,33.0,33.0,27.0,26.0,27.0,26.0,25.0,27.0,24.0,31.0,25.0,26.0,24.0,32.0,29.0,27.0,25.0,28.0,23.0,26.0,50.0,34.0,20.0,25.0,24.0,29.0,28.0,29.0,39.0,46.0,27.0,42.0,29.0,45.0,22.0,38.0,29.0,40.0,24.0,26.0,26.0,34.0,24.0,25.0,22.5,26.0,32.0,32.0,28.0,33.0,32.0,27.0,23.0,27.0,28.0,27.0,25.0,26.0,24.0,26.0,39.0,29.0,35.0,32.0,28.0,54.0,32.0,32.0,28.0,38.0,33.0,35.0,34.0,34.0,32.0,32.0,34.0,36.0,35.0,37.0,30.0,31.0,26.0,38.0,38.0,35.0,40.0,30.0,36.0,36.0,39.0,35.0,30.0,37.0,28.0,26.0,26.0,25.0,31.0,34.0,27.0,27.0,31.0,31.0,26.0,30.0,46.0,42.0,35.0,24.0,34.0,26.0,21.0,56.0,23.3,41.0,26.0,27.0,32.0,30.0,25.0,30.0,27.0,22.0,26.0,19.5,20.0,34.0,42.0,49.0,27.0,42.0,29.0,35.0,,
10gh,145.0,146.0,143.0,140.0,136.0,126.0,146.0,140.9,140.0,130.0,154.0,155.0,131.0,150.0,140.0,145.0,138.2,156.0,146.0,140.0,147.0,131.4,148.5,140.0,143.0,146.0,140.5,141.0,137.0,130.0,130.5,131.0,131.0,131.5,137.5,145.0,147.5,129.0,132.0,124.0,142.2,131.5,151.0,140.0,133.0,138.0,140.5,139.0,138.0,153.5,133.0,137.0,138.0,138.0,144.0,133.0,130.0,137.0,141.0,130.0,134.0,132.0,143.4,124.5,133.4,133.0,134.0,143.0,140.0,139.0,142.0,129.0,137.0,138.0,134.0,130.5,141.5,133.5,140.0,136.0,148.0,139.5,133.0,128.0,132.2,131.0,150.0,142.0,142.0,172.0,150.0,140.0,147.5,135.0,135.0,146.5,142.0,162.1,144.2,134.0,140.0,131.0,137.0,146.0,138.0,137.5,138.0,138.0,147.0,143.0,141.0,129.5,139.0,124.0,135.2,133.0,142.0,136.0,144.0,133.0,119.0,133.0,136.0,143.0,141.5,136.5,139.2,136.0,139.0,136.0,139.0,172.0,136.0,138.0,134.0,139.0,134.0,134.0,139.0,138.5,136.6,166.1,128.3,137.8,134.3,132.5,144.0,138.0,132.0,135.0,136.0,140.0,139.0,123.0,129.0,132.0,129.0,130.8,129.0,133.5,136.0,140.0,135.5,141.0,132.0,129.0,128.0,139.0,140.0,135.0,132.0,144.8,138.0,140.0,142.0,144.0,132.0,143.2,131.0,129.0,143.0,132.0,139.0,139.0,129.0,134.0,142.0,134.0,140.0,135.0,145.0,133.0,133.0,129.0,143.0,132.0,139.0,139.0,129.0,134.0,142.0,134.0,140.0,135.0,145.0,133.0,133.0,136.0,136.0,137.0,154.0,143.0,139.0,140.0,137.0,150.0,121.0,139.0,133.0,133.0,137.0,146.0,148.0,139.0,150.0,150.0,150.0,135.0,140.0,140.0,135.0,139.0,140.0,133.0,138.0,150.0,143.0,135.0,148.0,145.0,138.0,132.0,145.0,145.0,140.0,142.0,141.0,,,
10gw,42.0,40.1,45.7,35.1,31.0,23.4,29.9,33.5,32.9,26.2,37.3,42.6,32.0,33.0,30.0,38.1,30.5,41.0,37.4,37.9,55.1,33.0,33.2,37.1,46.0,42.0,39.4,30.0,45.0,27.0,30.8,32.0,25.0,33.5,41.5,36.5,46.5,28.0,27.0,21.0,39.7,25.0,41.8,37.5,28.0,33.0,35.5,36.0,25.0,49.0,40.2,44.5,36.0,32.8,34.2,27.0,44.9,39.0,31.0,25.0,31.0,26.0,33.2,21.0,28.0,27.0,29.0,28.0,31.2,36.0,32.5,22.0,31.0,37.5,27.0,30.0,37.0,27.0,36.2,39.5,46.5,38.5,29.2,23.0,27.0,33.0,37.0,41.0,41.0,33.0,37.0,41.5,47.5,30.0,28.0,42.0,32.0,57.8,33.0,27.5,40.0,31.0,31.0,39.0,34.0,32.6,41.0,39.0,31.0,53.0,36.0,29.1,37.0,37.0,31.9,24.2,47.2,36.7,35.0,26.0,20.0,36.0,29.0,37.6,33.6,35.0,34.0,30.5,34.5,30.5,34.5,59.0,35.0,32.0,29.0,30.0,36.0,29.0,30.0,34.2,32.7,55.1,35.5,32.2,27.7,31.4,34.0,33.0,32.0,30.0,25.0,28.0,30.0,23.0,23.0,27.0,30.0,26.1,30.0,32.1,33.2,38.2,27.3,31.5,27.4,23.0,24.0,30.35,29.0,30.45,32.0,34.8,34.0,32.0,51.0,42.0,34.0,33.0,26.0,35.0,33.0,26.0,31.0,33.0,24.0,32.0,37.0,28.0,34.0,32.0,35.0,29.0,29.0,35.0,33.0,26.0,31.0,33.0,24.0,32.0,37.0,28.0,34.0,32.0,35.0,29.0,29.0,32.0,34.0,28.6,49.0,37.5,30.4,35.0,43.0,41.0,23.0,43.0,35.0,31.0,34.0,40.0,38.0,36.0,58.0,41.0,51.0,33.0,38.0,31.0,27.0,29.0,45.0,36.0,34.0,58.0,33.0,27.0,38.0,40.0,40.0,40.0,38.0,48.0,36.0,38.0,38.0,,,
11gh,148.0,154.0,148.0,149.0,155.0,146.0,142.0,134.5,140.0,137.0,147.0,148.0,156.5,132.0,152.0,169.0,132.0,159.0,134.5,133.0,147.0,150.0,147.0,140.0,150.0,142.0,150.0,148.2,142.0,151.3,127.0,150.0,147.0,143.0,158.0,147.0,140.0,153.0,144.5,132.5,151.5,148.5,140.5,148.5,150.0,136.0,135.5,156.0,152.0,146.0,131.0,142.0,127.0,125.7,130.0,143.0,154.0,137.8,146.0,150.0,149.0,154.0,123.0,149.5,157.5,143.0,143.0,149.7,147.3,156.0,159.0,144.0,150.0,153.0,141.5,153.4,159.5,148.9,160.9,139.0,133.0,149.0,122.0,139.0,148.0,151.0,140.0,154.0,143.0,142.0,148.5,137.5,141.0,136.8,143.0,147.5,142.5,141.0,144.5,152.8,150.5,154.5,140.5,140.5,150.0,156.0,164.0,154.0,142.0,154.0,134.0,137.0,125.0,152.0,150.0,154.0,151.0,139.0,144.5,137.0,152.2,142.0,137.0,132.0,132.0,143.5,140.0,146.5,134.0,138.2,139.0,162.8,138.0,140.0,153.4,149.6,139.4,154.0,138.0,140.0,153.4,149.6,139.4,154.0,149.0,141.0,139.0,151.0,139.5,142.3,142.9,138.5,156.0,144.4,141.0,146.8,139.5,136.9,141.0,151.0,141.0,132.0,147.9,148.0,143.0,152.0,132.0,141.0,151.0,141.0,149.0,142.0,154.0,145.0,152.0,141.0,147.5,161.0,146.0,154.0,151.0,145.0,150.0,145.0,142.0,142.0,139.0,148.0,146.0,148.0,139.0,152.0,137.0,139.0,153.0,123.0,155.0,151.0,154.0,158.0,148.0,140.0,144.0,145.0,148.0,146.0,135.0,138.0,149.0,142.0,153.0,143.0,141.0,134.0,130.0,134.0,126.5,132.5,132.5,136.0,130.0,142.0,146.0,142.0,143.0,139.0,148.0,142.0,144.0,156.0,150.0,143.0,160.0,145.0,154.0,141.0,144.0,137.0,148.0,135.0,143.0,153.0,127.0,120.0,124.0,128.0,158.0,125.0,125.0,129.0
11gw,52.1,62.8,32.0,30.7,46.6,32.0,32.0,31.6,29.6,35.1,43.0,38.8,41.0,30.0,41.7,40.5,30.1,31.2,29.4,26.8,37.9,50.7,45.8,33.4,39.5,33.1,55.4,40.25,35.75,45.55,26.0,39.85,45.5,40.75,51.0,36.0,37.0,45.0,40.7,28.0,60.0,41.5,44.5,37.5,34.5,27.0,26.0,53.5,40.2,33.0,25.0,47.0,21.0,24.0,30.0,36.0,66.0,27.0,35.0,41.0,46.0,45.0,26.0,55.0,43.7,35.0,40.5,35.4,41.5,45.0,40.3,33.3,36.3,44.8,33.0,52.5,51.8,40.0,53.9,34.0,32.0,48.0,32.0,34.0,48.0,45.0,49.0,43.0,42.0,32.5,40.0,32.0,32.8,36.1,33.0,42.0,43.5,31.9,35.5,50.1,35.3,60.8,31.1,34.0,46.8,55.6,75.0,39.8,52.0,42.8,26.0,45.0,25.0,47.0,53.0,46.0,35.0,30.6,42.0,34.0,42.6,45.0,34.7,42.0,30.0,42.0,35.0,36.0,27.0,43.72,31.2,65.92,30.2,45.6,40.5,47.6,43.9,43.6,30.2,45.6,40.5,47.6,43.9,43.6,36.0,30.0,27.0,40.0,30.0,46.8,43.9,35.4,46.0,41.0,32.0,39.1,34.0,28.8,33.0,43.0,32.0,24.0,43.6,41.0,30.5,45.7,24.15,32.0,43.8,33.4,42.0,41.0,62.0,50.0,42.0,25.0,49.0,48.0,41.0,47.0,44.0,40.0,49.0,36.5,41.0,42.0,32.0,33.0,35.0,41.0,36.0,40.8,43.5,33.0,41.0,17.0,40.4,38.0,48.6,61.0,49.5,28.0,38.0,52.0,37.0,36.0,27.0,39.0,40.2,35.0,57.0,35.0,33.4,25.75,29.3,33.7,27.35,35.45,29.0,38.0,29.0,30.0,34.0,38.0,32.0,39.0,38.0,31.0,37.0,66.0,34.0,32.0,44.0,36.0,46.0,36.0,39.0,29.0,47.0,42.0,40.0,50.9,30.0,20.0,24.0,27.0,43.0,27.45,28.1,30.0
12gh,156.5,149.0,150.0,152.0,156.0,137.0,145.0,151.0,159.0,161.5,156.0,160.0,158.0,149.0,142.0,149.0,152.8,152.0,161.5,156.0,131.0,144.0,147.5,164.0,152.0,146.0,155.0,163.0,151.5,145.0,149.0,134.0,144.0,139.0,155.0,155.0,150.0,137.5,143.0,142.1,143.0,160.0,152.0,147.0,155.0,158.0,158.0,161.5,141.0,140.0,156.0,148.5,142.5,145.5,141.0,158.0,157.5,145.0,152.0,142.0,140.0,146.0,151.1,147.8,160.0,154.0,157.0,153.0,159.0,149.0,151.0,153.0,169.5,159.0,152.0,149.2,153.2,158.0,154.5,160.5,137.0,147.3,134.0,153.0,155.0,159.0,139.0,135.0,148.0,136.5,146.0,147.0,145.0,150.0,137.0,151.0,149.0,149.0,151.0,150.0,147.7,146.4,147.9,155.5,155.0,155.0,153.0,155.0,155.0,153.0,153.7,156.0,143.0,155.5,156.0,168.0,154.5,152.5,150.0,149.5,150.5,162.0,161.0,162.0,160.5,156.0,160.5,148.5,162.0,162.0,143.0,146.5,158.7,145.1,149.6,151.5,144.3,156.3,148.1,144.0,154.0,160.0,152.6,165.0,162.0,152.0,161.0,152.0,147.0,145.0,162.5,150.0,156.5,164.5,153.2,158.2,162.5,165.7,139.5,152.1,166.4,147.5,152.4,170.0,156.4,143.5,143.0,150.0,151.0,143.0,162.0,160.0,158.0,160.0,124.0,154.0,150.0,165.0,137.0,149.0,164.0,157.0,147.0,147.0,152.0,146.0,164.0,149.0,155.0,150.0,157.0,146.0,158.0,156.0,142.0,158.0,149.5,152.0,147.0,151.0,160.3,138.0,145.6,163.0,154.0,148.5,167.0,160.0,159.4,157.5,146.5,130.0,160.0,163.0,154.0,148.5,167.0,160.0,159.4,157.5,146.5,130.0,151.0,147.0,158.0,147.0,151.0,154.0,158.0,158.0,150.5,156.0,161.0,151.0,143.5,144.1,154.3,152.5,156.0,161.0,149.0,153.0,146.5,141.3,150.8,150.0,158.5,,,
12gw,38.8,37.5,35.0,40.5,51.0,27.3,46.9,41.0,46.8,51.7,45.3,49.9,47.56,41.6,32.3,31.8,39.2,53.3,64.0,49.0,41.0,28.5,36.2,52.3,49.6,47.1,47.9,52.3,40.1,33.5,38.9,30.0,37.1,33.1,35.0,45.5,41.0,31.0,30.0,29.0,35.25,64.0,37.0,35.0,50.0,49.0,41.0,34.7,34.0,33.5,62.3,43.5,50.5,50.5,39.1,64.5,45.5,35.5,42.3,30.0,32.0,33.0,53.8,40.2,56.0,45.0,45.0,48.0,52.0,36.0,43.0,59.1,47.0,54.0,38.5,34.1,39.1,50.3,46.3,58.5,36.5,33.8,47.3,52.0,49.0,52.2,28.0,27.0,39.0,30.0,58.0,35.0,30.0,36.7,29.0,33.9,39.0,34.2,45.0,39.0,40.0,37.1,49.5,43.5,34.0,54.0,48.0,34.0,54.0,48.0,67.0,53.0,32.0,49.0,51.9,60.0,47.0,68.0,50.0,33.5,39.8,49.0,52.0,51.0,52.0,49.0,47.0,40.5,48.3,39.8,46.9,30.0,49.1,43.9,37.9,39.6,37.9,48.4,33.5,38.5,48.8,49.8,40.0,59.4,59.1,39.4,40.9,40.5,30.5,46.5,52.1,36.5,37.4,46.0,42.8,60.1,52.1,60.8,32.8,34.9,50.4,39.9,42.8,54.8,52.6,32.4,32.1,45.0,43.0,37.0,60.0,54.0,56.0,48.0,33.0,41.0,40.0,72.0,34.0,40.0,52.0,48.5,42.0,55.0,50.0,42.0,58.0,38.8,46.2,46.0,43.1,45.0,53.0,39.0,38.0,61.0,47.0,42.5,38.0,40.0,51.2,32.0,36.1,48.5,39.4,60.1,52.0,57.1,56.4,46.5,45.6,27.44,54.0,48.5,39.4,60.1,52.0,57.1,56.4,46.5,45.6,27.44,39.4,44.0,60.0,36.0,44.0,53.0,47.0,44.5,37.5,53.0,70.0,40.0,40.98,38.72,44.16,45.7,53.0,70.0,37.0,48.0,51.0,38.5,49.0,39.0,38.0,,,
13gh,153.0,151.0,148.0,155.0,157.0,162.0,159.7,171.6,164.0,146.3,156.0,160.0,158.5,160.7,153.0,159.0,165.0,164.0,164.0,152.0,161.0,156.0,160.0,151.0,159.0,158.0,145.0,160.0,146.0,159.0,147.0,147.0,143.0,156.0,155.0,148.0,154.0,142.0,158.0,139.0,143.0,148.7,165.0,162.0,162.0,155.5,154.5,167.0,165.0,164.0,145.0,150.0,156.5,157.5,154.0,157.0,157.0,156.0,160.0,159.0,156.0,162.0,157.0,150.0,160.0,160.0,160.0,155.0,145.0,157.0,158.0,170.0,160.5,165.0,149.0,153.5,159.0,162.0,140.7,158.1,158.1,158.5,157.5,152.6,161.2,162.0,156.0,166.0,156.0,153.0,142.0,149.0,153.0,155.0,164.0,157.0,151.0,153.5,152.5,151.0,161.5,161.5,151.5,154.5,144.5,165.5,160.0,151.5,153.5,125.5,160.0,153.5,157.5,161.0,160.0,160.0,160.0,160.0,143.0,166.0,152.0,158.0,164.0,155.7,162.0,154.0,156.0,154.0,162.0,157.0,153.0,148.0,155.0,159.0,150.0,154.7,157.0,164.3,153.0,161.0,158.5,147.0,158.0,158.0,154.0,163.0,145.0,155.0,155.5,152.0,148.0,152.0,148.0,164.0,159.5,150.5,155.0,152.5,164.0,156.5,163.0,164.0,148.8,162.5,155.0,157.0,163.0,148.3,157.0,158.0,161.5,161.5,162.8,166.5,150.0,171.5,160.0,151.2,146.0,147.5,159.0,155.0,157.5,150.0,147.6,145.4,159.3,146.0,158.0,166.5,156.0,162.8,161.0,150.0,163.0,150.0,159.0,164.0,162.8,160.0,152.0,149.5,160.0,175.0,137.0,148.5,169.0,159.5,160.5,152.5,163.0,154.1,156.0,161.0,156.0,159.0,149.0,168.0,156.0,135.0,153.0,154.0,158.0,154.0,155.0,160.0,158.0,157.0,149.0,150.0,140.0,145.0,167.5,158.0,151.0,159.0,160.0,156.0,163.0,146.4,155.0,153.0,146.2,157.0,161.0,,,,,
13gw,40.0,39.0,45.1,47.2,50.0,53.0,53.8,48.7,49.1,46.8,45.1,50.1,47.6,50.0,36.5,60.1,59.2,72.95,46.0,48.4,64.5,54.0,55.0,50.2,40.1,44.1,55.1,49.0,40.8,62.8,45.8,42.8,39.0,51.0,47.0,36.5,37.9,44.0,45.3,42.8,40.0,37.0,52.0,45.1,66.9,45.8,54.5,53.4,47.6,42.7,29.0,40.0,62.7,58.0,45.0,55.0,49.9,46.7,67.5,42.2,47.8,50.1,55.0,40.5,53.1,49.0,50.0,50.1,35.0,54.0,47.0,55.0,48.4,61.5,39.65,43.9,40.1,50.0,33.7,49.85,47.95,42.46,60.2,56.35,46.33,52.0,54.0,77.0,52.0,40.0,42.0,42.0,50.0,40.5,53.0,44.0,40.0,45.5,40.0,45.5,50.0,57.5,42.5,45.5,40.0,51.5,54.5,41.5,41.5,37.0,54.1,44.5,50.0,47.0,64.5,48.5,41.0,62.5,32.5,74.2,49.7,50.5,58.5,45.0,59.0,50.0,57.5,43.0,45.5,47.1,43.2,47.8,47.0,44.0,46.0,58.0,57.5,50.1,41.5,52.0,42.0,36.0,48.0,51.0,60.5,47.5,56.0,61.0,41.8,45.0,47.0,45.0,47.0,54.0,45.0,45.0,60.0,45.0,62.0,51.0,60.8,55.5,46.8,56.0,38.0,42.0,47.0,37.0,47.0,62.0,56.9,57.8,52.9,59.6,34.8,50.5,42.1,44.9,33.8,44.9,52.0,39.4,48.1,55.8,51.1,43.1,44.9,31.6,65.0,70.0,46.9,40.9,65.1,47.4,49.21,48.8,54.5,65.7,52.6,53.0,34.0,56.7,38.0,59.0,51.0,41.5,50.0,43.2,52.0,46.0,60.5,43.5,46.0,56.0,39.0,39.0,30.0,55.0,52.0,27.6,51.2,52.0,50.0,38.0,59.0,63.0,43.0,52.0,37.0,38.0,35.0,37.0,54.4,47.0,40.0,71.0,56.0,43.0,54.32,41.2,45.5,50.0,35.2,52.0,48.9,,,,,
14gh,164.0,147.0,162.0,160.0,166.6,163.3,162.5,154.0,151.0,163.5,175.0,159.5,158.8,151.5,168.0,155.0,160.0,166.0,157.0,152.0,162.0,151.0,159.0,159.0,162.0,153.0,165.0,161.0,157.0,141.0,158.5,161.0,149.0,167.0,152.0,161.5,157.0,160.0,152.0,150.0,162.0,157.0,152.0,155.0,150.0,162.0,159.0,154.0,168.0,158.0,171.0,161.0,157.0,151.0,164.0,155.0,146.0,153.0,150.0,157.0,161.0,160.0,169.0,165.0,155.5,156.6,150.7,152.3,168.5,154.6,161.0,159.0,154.0,166.0,151.0,159.0,150.0,156.0,161.0,153.0,152.0,157.0,157.2,155.5,162.5,158.5,146.5,162.0,158.5,158.5,165.5,155.0,167.0,162.0,158.0,158.0,158.0,160.0,160.0,164.0,160.0,162.0,173.7,148.0,158.0,155.7,153.0,146.0,157.0,162.0,161.0,156.5,158.0,164.9,161.0,160.0,160.5,165.0,159.0,157.3,160.0,163.0,164.8,155.8,143.0,154.0,166.0,158.3,162.0,160.0,158.0,168.2,142.5,158.2,162.3,155.0,160.5,167.0,148.0,160.0,163.0,158.0,158.0,159.5,155.9,163.0,164.5,161.0,162.0,155.5,162.5,158.0,152.5,159.5,151.0,150.0,164.5,162.0,156.5,171.5,165.0,167.0,171.0,150.7,156.5,162.0,158.2,171.0,144.0,160.0,149.0,158.0,154.2,156.4,165.0,161.6,150.3,162.7,163.1,154.0,156.3,158.1,140.6,158.7,157.4,164.9,156.1,168.1,154.7,169.8,158.7,164.0,153.0,160.0,169.5,156.0,166.0,162.0,160.0,153.0,155.0,158.5,163.0,152.0,154.0,158.1,156.0,160.0,160.0,156.0,147.0,153.0,154.0,154.0,160.0,156.0,164.0,158.0,157.0,149.0,162.0,162.0,155.0,157.5,163.0,155.0,158.0,150.0,162.0,165.0,156.0,160.0,160.0,161.0,154.0,151.5,155.0,157.0,154.0,158.0,150.0,157.0,158.5,149.0,152.0,158.5,149.0,152.0,,
14gw,55.5,37.0,60.5,44.1,50.8,52.0,56.5,53.2,45.1,66.9,63.0,44.5,47.4,41.55,51.25,47.25,55.0,43.0,44.0,53.0,66.1,40.5,47.0,45.0,58.0,51.8,52.0,57.2,43.0,47.0,52.0,46.3,37.7,52.7,44.0,43.0,49.7,45.8,46.0,48.7,80.0,45.0,45.5,40.5,52.9,52.0,46.0,54.5,52.2,34.2,69.5,41.4,45.0,48.5,60.0,57.0,45.1,40.0,35.5,50.0,45.1,46.0,70.0,50.5,43.0,43.95,46.15,43.6,67.0,48.26,59.0,50.0,52.0,62.0,34.0,41.0,40.0,50.5,76.5,43.5,49.0,48.0,57.3,48.5,55.5,55.5,38.5,46.5,55.5,53.5,60.0,45.38,60.1,77.0,48.15,46.1,61.5,44.5,42.2,51.5,41.5,61.0,51.7,50.0,58.0,45.0,45.0,45.0,61.0,57.5,54.5,53.0,45.5,58.6,60.5,48.5,51.5,51.5,42.5,42.5,58.0,52.5,56.2,42.3,37.5,51.5,49.66,50.0,50.0,74.1,45.5,58.4,35.1,46.1,61.5,56.1,51.5,60.1,45.9,62.1,47.5,54.0,54.0,56.2,50.4,48.9,70.0,58.4,47.8,42.6,44.0,44.0,49.0,55.0,54.6,50.5,58.0,58.5,51.0,59.6,50.0,62.1,73.1,42.4,45.1,49.5,56.4,77.0,32.8,52.4,39.8,44.0,55.6,46.1,62.4,49.8,43.0,57.4,51.9,43.6,66.7,56.8,40.9,49.6,49.1,46.1,44.9,60.1,42.1,60.8,45.3,48.5,38.0,50.0,51.6,54.0,56.0,46.0,43.0,49.0,45.0,55.0,50.5,47.8,41.2,39.2,49.1,57.0,42.1,66.2,43.0,42.0,57.0,57.0,53.0,52.0,56.0,50.0,47.0,38.0,60.0,68.0,42.0,59.0,57.0,49.0,62.0,36.0,58.0,67.0,39.0,44.0,50.0,45.0,41.0,46.24,52.5,49.76,50.0,49.0,48.0,49.0,43.0,44.5,54.1,43.0,44.5,54.1,,
15gh,173.0,157.1,177.7,154.6,153.0,158.0,156.5,160.6,171.0,160.2,151.4,157.0,151.0,157.0,161.0,168.0,158.0,163.5,158.7,154.0,158.0,168.0,137.0,158.0,149.0,165.0,163.0,158.0,167.0,155.0,160.0,160.0,163.0,156.0,168.0,162.0,171.0,164.0,156.8,170.0,165.0,165.0,168.0,156.0,155.0,162.0,157.3,161.3,162.0,152.0,166.0,158.0,165.0,165.0,161.0,160.0,158.0,158.0,163.0,165.0,155.0,165.0,156.0,169.0,157.0,165.0,152.0,165.0,156.0,160.0,154.0,152.0,162.0,151.0,162.0,153.0,160.0,168.0,157.0,158.0,156.0,156.0,156.0,153.0,155.0,164.0,156.0,155.0,153.0,150.0,151.0,166.0,152.0,169.0,162.0,165.0,157.0,160.0,165.0,155.5,163.0,163.5,155.5,153.0,155.5,159.0,153.0,157.0,163.0,158.0,170.0,150.2,146.0,165.0,134.0,157.8,161.0,155.5,152.7,160.0,158.5,160.5,157.5,161.0,148.0,158.0,158.5,162.0,165.0,157.5,160.0,163.0,156.0,154.0,161.0,137.3,156.5,152.2,153.5,163.5,166.6,155.5,154.0,155.0,162.5,153.5,163.5,154.2,154.6,150.8,159.5,159.4,151.2,157.0,146.0,162.0,168.0,157.0,150.0,162.0,167.5,156.0,166.5,158.0,159.0,170.0,158.2,170.0,163.0,159.0,156.5,153.5,160.5,164.0,163.0,167.0,163.0,163.0,162.0,163.0,166.0,161.4,167.0,163.0,164.5,163.7,160.0,156.5,165.5,157.0,155.6,161.0,152.0,169.0,155.2,165.0,163.5,141.0,156.8,163.1,156.5,160.3,155.2,155.3,150.2,160.2,166.1,162.3,169.6,158.2,154.8,150.3,160.0,171.0,167.5,168.5,164.5,164.5,155.0,156.0,174.0,160.0,159.0,163.0,165.0,168.0,163.0,160.0,164.0,166.0,168.0,162.0,156.5,153.0,150.0,161.0,162.0,162.0,154.0,159.0,159.0,165.2,157.0,157.0,161.0,170.0,156.0,161.0,,
15gw,62.1,50.0,72.0,54.7,48.0,43.0,50.6,59.7,54.5,65.95,42.7,52.3,53.2,54.0,45.5,67.9,64.95,63.0,53.5,61.0,37.0,70.0,36.3,54.9,53.0,64.0,57.0,46.9,58.0,44.3,47.0,55.5,53.0,38.1,47.7,46.6,51.9,69.4,46.3,76.8,46.9,58.5,63.8,45.6,49.0,55.9,37.3,49.6,53.6,49.4,55.6,56.8,50.1,54.1,42.8,53.2,50.8,49.5,51.0,42.0,45.5,47.7,45.0,52.0,50.0,65.0,45.0,47.5,55.1,60.5,50.5,43.0,45.0,47.5,43.1,43.7,51.0,44.0,55.0,48.5,44.1,51.0,45.0,50.0,52.0,49.5,42.3,47.0,40.5,38.3,42.0,60.25,50.0,52.0,54.0,47.5,48.2,44.5,52.5,51.5,53.0,51.5,60.0,58.6,44.5,65.4,55.5,55.5,44.2,43.5,62.5,58.0,47.0,53.0,30.0,52.0,59.0,52.0,55.0,55.0,53.0,68.0,53.5,66.5,49.0,65.0,50.6,60.2,51.5,58.0,50.0,65.1,47.0,47.5,75.0,50.4,40.5,44.3,56.0,51.5,60.0,43.0,43.5,43.5,54.4,46.1,52.5,45.85,51.1,54.9,63.1,68.1,46.2,47.0,49.0,61.0,51.0,47.0,49.0,61.0,61.0,54.6,63.7,63.6,54.1,72.6,48.9,52.6,50.6,55.6,45.6,43.6,51.0,72.5,43.5,52.5,44.5,51.0,68.0,51.5,62.1,54.5,62.8,45.6,62.1,52.1,58.8,37.8,56.6,50.5,60.0,45.0,48.5,75.8,50.6,43.8,69.0,44.8,45.6,52.9,54.5,66.1,39.9,43.9,46.3,50.4,50.8,46.8,49.8,58.9,64.1,46.9,56.8,56.4,64.0,54.2,50.4,55.6,37.0,64.0,50.0,60.0,50.0,55.0,51.0,68.0,76.0,49.0,62.0,57.0,60.0,53.0,50.1,49.5,46.2,61.0,60.2,46.0,49.0,51.0,56.0,63.4,53.0,47.0,48.0,53.0,41.0,56.0,,
16gh,160.0,160.0,165.0,158.0,157.0,173.0,158.0,148.7,166.0,168.5,165.0,152.0,165.0,170.0,164.5,158.0,155.0,162.5,157.5,170.0,164.0,160.5,160.5,153.0,160.0,160.0,164.0,167.0,144.0,152.0,147.0,155.0,157.0,158.0,165.0,157.0,170.9,165.0,151.0,167.0,161.1,171.0,159.0,162.0,161.0,160.5,168.5,170.0,176.0,163.0,157.0,160.0,160.0,145.0,157.0,160.0,163.0,163.0,149.0,167.0,161.0,162.5,155.1,163.0,152.0,158.0,161.0,166.0,158.0,162.0,163.0,166.0,163.0,166.0,158.5,164.5,164.0,168.5,161.0,161.5,156.3,161.2,160.0,170.5,156.7,160.0,162.0,159.0,168.0,155.5,160.0,163.0,157.0,160.0,159.0,163.5,148.0,157.1,160.2,142.6,150.0,157.3,161.5,157.2,160.5,156.2,154.4,156.0,156.0,162.9,158.5,164.5,162.0,159.0,161.0,151.0,161.5,156.0,162.0,156.0,178.5,165.4,162.0,164.2,156.4,168.5,154.6,142.5,160.4,161.5,156.5,156.5,155.6,155.3,167.6,163.7,151.5,156.4,160.8,171.2,160.0,161.0,153.0,162.0,160.0,161.0,161.0,155.0,157.0,163.0,168.0,166.0,164.0,162.0,158.5,163.0,157.0,154.0,158.0,161.0,162.0,171.0,163.5,172.0,161.0,163.6,172.0,153.5,155.0,157.4,161.2,165.0,160.7,164.0,168.5,156.5,164.0,161.0,154.0,158.0,158.0,158.0,170.0,167.0,165.0,156.0,160.5,152.0,157.0,159.0,165.0,167.0,160.0,166.0,161.0,163.0,157.0,158.0,167.0,160.0,164.0,155.4,158.0,153.0,156.0,168.0,156.0,167.0,164.0,165.0,159.0,159.0,160.0,164.0,166.0,157.0,153.0,158.0,158.6,167.0,170.5,155.0,160.0,164.2,160.0,158.0,162.0,160.0,163.0,154.0,160.0,164.0,158.5,167.5,152.5,156.0,158.1,168.0,153.5,152.1,154.1,158.0,157.0,151.0,,,,,,
16gw,67.8,54.5,51.5,56.8,48.0,81.0,55.0,51.2,78.0,50.6,46.3,59.0,66.3,81.4,47.4,54.5,50.6,52.4,48.5,58.2,56.3,47.5,51.5,45.1,41.1,56.0,59.0,66.0,56.0,41.0,53.5,48.5,69.0,53.1,53.0,51.0,56.9,47.2,54.0,57.1,57.4,75.9,51.8,48.3,60.4,50.4,54.3,50.7,62.2,42.8,51.5,48.9,46.0,42.0,55.1,57.0,53.0,45.2,41.0,50.4,55.05,54.15,56.2,41.5,37.0,67.0,55.0,51.0,39.0,53.0,53.0,54.0,56.0,68.0,48.7,56.5,52.5,72.0,53.5,54.5,47.5,50.2,51.5,87.5,60.1,51.35,51.0,56.0,60.0,51.5,60.0,48.0,50.0,52.0,49.0,53.0,56.1,50.6,56.2,42.0,54.5,52.0,71.1,65.5,56.8,45.5,48.5,48.0,48.0,56.6,47.3,57.0,60.1,53.0,55.9,50.1,48.9,49.6,56.9,54.1,63.4,54.1,70.9,51.9,43.8,55.6,59.4,50.1,58.0,47.9,45.4,52.0,45.1,48.5,55.1,58.3,59.0,44.1,53.8,56.4,59.0,68.0,67.0,51.0,54.0,61.0,57.0,54.0,54.0,67.0,76.0,59.0,58.0,48.0,47.18,48.0,63.0,64.0,53.0,56.0,67.0,50.0,56.0,54.0,49.0,75.8,54.0,69.0,50.0,48.0,54.9,48.0,71.6,50.0,49.9,44.2,52.0,44.0,60.0,60.0,54.0,70.0,42.0,52.0,60.0,44.0,52.0,52.5,66.0,40.0,60.0,56.0,52.5,66.0,57.0,54.0,45.0,52.0,66.0,47.0,52.0,67.0,48.0,60.0,55.0,66.0,74.0,57.0,55.8,56.0,66.5,47.0,57.0,68.5,56.0,52.4,58.0,47.3,43.0,50.5,50.5,53.5,55.5,51.3,55.86,48.0,65.85,59.6,55.1,41.5,65.0,53.65,45.5,56.1,54.0,47.0,49.6,82.2,50.0,46.8,53.6,52.1,55.5,46.5,,,,,,
17gh,161.0,165.0,160.0,160.0,164.0,164.0,171.0,153.7,157.2,164.6,160.0,156.2,161.5,153.7,163.2,162.0,161.0,146.0,163.5,161.5,165.0,163.0,157.0,155.0,160.0,149.0,175.0,170.0,160.0,167.0,169.0,164.0,167.0,150.0,161.5,162.5,169.0,155.0,159.0,158.0,162.0,170.0,169.0,152.0,167.0,160.0,161.0,161.0,158.0,173.5,161.3,160.3,161.3,164.0,159.0,161.0,158.5,158.0,163.0,163.3,155.6,162.3,155.5,154.5,154.0,160.1,161.2,150.5,154.0,154.8,159.4,169.0,156.5,157.0,159.0,171.0,172.0,154.5,159.3,155.2,158.8,161.7,162.0,153.2,161.0,167.0,164.0,163.0,162.0,164.0,156.0,167.0,160.0,154.0,163.0,170.0,164.0,163.0,156.0,168.0,159.0,156.0,162.0,164.0,156.0,160.0,161.0,154.0,158.0,157.0,167.0,168.0,162.0,169.0,161.0,157.8,152.0,158.0,155.0,160.0,156.0,159.0,152.0,154.0,156.0,155.4,155.4,162.0,170.0,174.0,165.0,174.0,165.0,150.0,163.0,151.0,157.0,155.2,153.7,172.2,170.5,162.0,161.0,147.0,161.0,151.0,171.0,157.0,170.0,168.0,162.0,162.0,183.0,164.0,167.0,148.0,156.0,156.0,166.0,152.0,165.0,150.0,161.0,158.0,153.0,160.0,167.0,175.0,160.0,155.8,155.5,156.5,156.5,161.0,156.0,162.0,157.0,167.0,171.0,168.0,156.0,162.0,158.0,163.0,151.0,164.0,165.0,151.0,161.0,154.5,157.0,155.0,160.0,162.0,162.0,159.0,174.0,172.0,158.0,159.0,172.0,157.0,180.0,163.0,160.0,150.0,164.0,165.0,164.0,161.0,154.0,164.0,150.0,154.0,157.0,156.0,156.0,169.0,168.5,163.0,155.0,165.0,151.5,164.0,157.0,166.0,159.0,160.5,157.0,157.0,154.0,156.0,163.0,160.0,161.0,157.0,152.0,155.0,154.0,149.0,150.0,168.5,167.0,,,,,,,
17gw,45.1,57.4,47.0,80.5,60.3,71.3,60.65,57.0,49.9,50.4,46.2,53.2,55.7,43.85,46.0,52.4,53.0,47.4,61.5,59.0,55.85,61.5,46.0,50.7,64.0,47.0,50.0,55.0,51.0,50.5,69.3,73.8,65.6,57.8,48.3,54.3,54.0,55.0,57.0,58.1,45.1,57.0,50.4,45.0,59.7,54.1,58.0,59.0,48.0,64.5,54.0,62.5,57.1,48.5,50.5,60.5,55.5,46.5,58.0,61.5,40.0,53.4,50.0,48.0,46.5,68.1,46.5,51.1,54.1,68.9,52.5,70.0,46.9,51.0,48.5,55.6,64.1,52.6,49.2,69.2,49.6,61.7,51.8,49.8,41.0,62.0,60.0,55.0,54.0,69.0,48.0,59.0,55.0,61.0,62.0,55.6,59.6,48.8,56.0,50.0,70.1,54.0,49.0,60.0,48.0,57.0,55.0,42.5,44.8,48.0,85.0,67.0,50.0,67.0,50.0,66.0,56.0,60.0,55.0,75.0,64.0,60.0,44.0,41.0,53.0,52.0,52.0,61.0,63.0,63.0,77.0,63.0,77.0,66.0,54.0,55.0,52.0,60.0,50.5,68.0,60.0,52.0,52.0,42.0,51.0,53.1,89.1,52.0,62.0,77.0,52.0,49.0,62.0,61.0,55.0,44.0,73.0,49.0,56.0,43.0,57.0,46.0,59.0,50.0,42.0,54.0,70.0,63.0,51.5,53.6,60.9,45.5,55.5,45.0,50.0,73.0,69.0,52.0,53.0,61.0,54.0,61.0,46.0,49.0,41.0,72.0,61.0,47.8,49.0,54.0,58.0,60.6,60.0,53.6,61.0,55.0,75.0,65.0,48.0,48.0,49.0,57.0,58.0,48.0,55.0,42.0,79.0,64.0,57.0,54.0,59.0,52.0,49.0,48.0,62.0,48.0,54.0,78.8,50.6,53.0,48.0,50.0,45.8,53.0,60.5,50.0,50.4,74.7,51.6,55.6,65.0,53.0,54.0,52.4,52.0,42.0,53.0,50.0,42.0,43.0,48.0,55.6,65.6,,,,,,,
